{"text": "2021-07-26T13:02:36.380768+0300 INFO \u0411\u043e\u0442 \u0441\u043e\u0437\u0434\u0430\u043d\n", "record": {"elapsed": {"repr": "0:00:00.016258", "seconds": 0.016258}, "exception": null, "extra": {}, "file": {"name": "main.py", "path": "main.py"}, "function": "<module>", "level": {"icon": "\u2139\ufe0f", "name": "INFO", "no": 20}, "line": 43, "message": "\u0411\u043e\u0442 \u0441\u043e\u0437\u0434\u0430\u043d", "module": "main", "name": "__main__", "process": {"id": 83102, "name": "MainProcess"}, "thread": {"id": 4422311424, "name": "MainThread"}, "time": {"repr": "2021-07-26 13:02:36.380768+03:00", "timestamp": 1627293756.380768}}}
{"text": "2021-07-26T13:02:36.382765+0300 INFO \u0414\u0438\u0441\u043f\u0435\u0442\u0447\u0435\u0440 \u0441\u043e\u0437\u0434\u0430\u043d\n", "record": {"elapsed": {"repr": "0:00:00.018255", "seconds": 0.018255}, "exception": null, "extra": {}, "file": {"name": "main.py", "path": "main.py"}, "function": "<module>", "level": {"icon": "\u2139\ufe0f", "name": "INFO", "no": 20}, "line": 50, "message": "\u0414\u0438\u0441\u043f\u0435\u0442\u0447\u0435\u0440 \u0441\u043e\u0437\u0434\u0430\u043d", "module": "main", "name": "__main__", "process": {"id": 83102, "name": "MainProcess"}, "thread": {"id": 4422311424, "name": "MainThread"}, "time": {"repr": "2021-07-26 13:02:36.382765+03:00", "timestamp": 1627293756.382765}}}
{"text": "2021-07-26T13:28:08.984390+0300 INFO \u0411\u043e\u0442 \u0441\u043e\u0437\u0434\u0430\u043d\n", "record": {"elapsed": {"repr": "0:00:00.028401", "seconds": 0.028401}, "exception": null, "extra": {}, "file": {"name": "main.py", "path": "main.py"}, "function": "<module>", "level": {"icon": "\u2139\ufe0f", "name": "INFO", "no": 20}, "line": 43, "message": "\u0411\u043e\u0442 \u0441\u043e\u0437\u0434\u0430\u043d", "module": "main", "name": "__main__", "process": {"id": 83436, "name": "MainProcess"}, "thread": {"id": 4470201856, "name": "MainThread"}, "time": {"repr": "2021-07-26 13:28:08.984390+03:00", "timestamp": 1627295288.98439}}}
{"text": "2021-07-26T13:28:08.985038+0300 INFO \u0414\u0438\u0441\u043f\u0435\u0442\u0447\u0435\u0440 \u0441\u043e\u0437\u0434\u0430\u043d\n", "record": {"elapsed": {"repr": "0:00:00.029049", "seconds": 0.029049}, "exception": null, "extra": {}, "file": {"name": "main.py", "path": "main.py"}, "function": "<module>", "level": {"icon": "\u2139\ufe0f", "name": "INFO", "no": 20}, "line": 50, "message": "\u0414\u0438\u0441\u043f\u0435\u0442\u0447\u0435\u0440 \u0441\u043e\u0437\u0434\u0430\u043d", "module": "main", "name": "__main__", "process": {"id": 83436, "name": "MainProcess"}, "thread": {"id": 4470201856, "name": "MainThread"}, "time": {"repr": "2021-07-26 13:28:08.985038+03:00", "timestamp": 1627295288.985038}}}
{"text": "2021-07-26T13:45:21.558465+0300 INFO \u0411\u043e\u0442 \u0441\u043e\u0437\u0434\u0430\u043d\n", "record": {"elapsed": {"repr": "0:00:00.026220", "seconds": 0.02622}, "exception": null, "extra": {}, "file": {"name": "main.py", "path": "main.py"}, "function": "<module>", "level": {"icon": "\u2139\ufe0f", "name": "INFO", "no": 20}, "line": 49, "message": "\u0411\u043e\u0442 \u0441\u043e\u0437\u0434\u0430\u043d", "module": "main", "name": "__main__", "process": {"id": 83705, "name": "MainProcess"}, "thread": {"id": 4623851008, "name": "MainThread"}, "time": {"repr": "2021-07-26 13:45:21.558465+03:00", "timestamp": 1627296321.558465}}}
{"text": "2021-07-26T13:45:21.559778+0300 INFO \u0414\u0438\u0441\u043f\u0435\u0442\u0447\u0435\u0440 \u0441\u043e\u0437\u0434\u0430\u043d\n", "record": {"elapsed": {"repr": "0:00:00.027533", "seconds": 0.027533}, "exception": null, "extra": {}, "file": {"name": "main.py", "path": "main.py"}, "function": "<module>", "level": {"icon": "\u2139\ufe0f", "name": "INFO", "no": 20}, "line": 56, "message": "\u0414\u0438\u0441\u043f\u0435\u0442\u0447\u0435\u0440 \u0441\u043e\u0437\u0434\u0430\u043d", "module": "main", "name": "__main__", "process": {"id": 83705, "name": "MainProcess"}, "thread": {"id": 4623851008, "name": "MainThread"}, "time": {"repr": "2021-07-26 13:45:21.559778+03:00", "timestamp": 1627296321.559778}}}
{"text": "2021-07-26T13:45:44.077751+0300 INFO \u0411\u043e\u0442 \u0441\u043e\u0437\u0434\u0430\u043d\n", "record": {"elapsed": {"repr": "0:00:00.017275", "seconds": 0.017275}, "exception": null, "extra": {}, "file": {"name": "main.py", "path": "main.py"}, "function": "<module>", "level": {"icon": "\u2139\ufe0f", "name": "INFO", "no": 20}, "line": 49, "message": "\u0411\u043e\u0442 \u0441\u043e\u0437\u0434\u0430\u043d", "module": "main", "name": "__main__", "process": {"id": 83719, "name": "MainProcess"}, "thread": {"id": 4486880768, "name": "MainThread"}, "time": {"repr": "2021-07-26 13:45:44.077751+03:00", "timestamp": 1627296344.077751}}}
{"text": "2021-07-26T13:45:44.078370+0300 INFO \u0414\u0438\u0441\u043f\u0435\u0442\u0447\u0435\u0440 \u0441\u043e\u0437\u0434\u0430\u043d\n", "record": {"elapsed": {"repr": "0:00:00.017894", "seconds": 0.017894}, "exception": null, "extra": {}, "file": {"name": "main.py", "path": "main.py"}, "function": "<module>", "level": {"icon": "\u2139\ufe0f", "name": "INFO", "no": 20}, "line": 56, "message": "\u0414\u0438\u0441\u043f\u0435\u0442\u0447\u0435\u0440 \u0441\u043e\u0437\u0434\u0430\u043d", "module": "main", "name": "__main__", "process": {"id": 83719, "name": "MainProcess"}, "thread": {"id": 4486880768, "name": "MainThread"}, "time": {"repr": "2021-07-26 13:45:44.078370+03:00", "timestamp": 1627296344.07837}}}
{"text": "2021-07-26T13:46:29.433263+0300 INFO \u0411\u043e\u0442 \u0441\u043e\u0437\u0434\u0430\u043d\n", "record": {"elapsed": {"repr": "0:00:00.022721", "seconds": 0.022721}, "exception": null, "extra": {}, "file": {"name": "main.py", "path": "main.py"}, "function": "<module>", "level": {"icon": "\u2139\ufe0f", "name": "INFO", "no": 20}, "line": 49, "message": "\u0411\u043e\u0442 \u0441\u043e\u0437\u0434\u0430\u043d", "module": "main", "name": "__main__", "process": {"id": 83738, "name": "MainProcess"}, "thread": {"id": 4700249600, "name": "MainThread"}, "time": {"repr": "2021-07-26 13:46:29.433263+03:00", "timestamp": 1627296389.433263}}}
{"text": "2021-07-26T13:46:29.434673+0300 INFO \u0414\u0438\u0441\u043f\u0435\u0442\u0447\u0435\u0440 \u0441\u043e\u0437\u0434\u0430\u043d\n", "record": {"elapsed": {"repr": "0:00:00.024131", "seconds": 0.024131}, "exception": null, "extra": {}, "file": {"name": "main.py", "path": "main.py"}, "function": "<module>", "level": {"icon": "\u2139\ufe0f", "name": "INFO", "no": 20}, "line": 56, "message": "\u0414\u0438\u0441\u043f\u0435\u0442\u0447\u0435\u0440 \u0441\u043e\u0437\u0434\u0430\u043d", "module": "main", "name": "__main__", "process": {"id": 83738, "name": "MainProcess"}, "thread": {"id": 4700249600, "name": "MainThread"}, "time": {"repr": "2021-07-26 13:46:29.434673+03:00", "timestamp": 1627296389.434673}}}
{"text": "2021-07-26T14:01:51.304769+0300 INFO \u0411\u043e\u0442 \u0441\u043e\u0437\u0434\u0430\u043d\n", "record": {"elapsed": {"repr": "0:00:00.030096", "seconds": 0.030096}, "exception": null, "extra": {}, "file": {"name": "main.py", "path": "main.py"}, "function": "<module>", "level": {"icon": "\u2139\ufe0f", "name": "INFO", "no": 20}, "line": 48, "message": "\u0411\u043e\u0442 \u0441\u043e\u0437\u0434\u0430\u043d", "module": "main", "name": "__main__", "process": {"id": 83980, "name": "MainProcess"}, "thread": {"id": 4583288320, "name": "MainThread"}, "time": {"repr": "2021-07-26 14:01:51.304769+03:00", "timestamp": 1627297311.304769}}}
{"text": "2021-07-26T14:01:51.306525+0300 INFO \u0414\u0438\u0441\u043f\u0435\u0442\u0447\u0435\u0440 \u0441\u043e\u0437\u0434\u0430\u043d\n", "record": {"elapsed": {"repr": "0:00:00.031852", "seconds": 0.031852}, "exception": null, "extra": {}, "file": {"name": "main.py", "path": "main.py"}, "function": "<module>", "level": {"icon": "\u2139\ufe0f", "name": "INFO", "no": 20}, "line": 55, "message": "\u0414\u0438\u0441\u043f\u0435\u0442\u0447\u0435\u0440 \u0441\u043e\u0437\u0434\u0430\u043d", "module": "main", "name": "__main__", "process": {"id": 83980, "name": "MainProcess"}, "thread": {"id": 4583288320, "name": "MainThread"}, "time": {"repr": "2021-07-26 14:01:51.306525+03:00", "timestamp": 1627297311.306525}}}
{"text": "2021-07-26T14:08:18.555670+0300 INFO \u0411\u043e\u0442 \u0441\u043e\u0437\u0434\u0430\u043d\n", "record": {"elapsed": {"repr": "0:00:00.022275", "seconds": 0.022275}, "exception": null, "extra": {}, "file": {"name": "main.py", "path": "main.py"}, "function": "<module>", "level": {"icon": "\u2139\ufe0f", "name": "INFO", "no": 20}, "line": 48, "message": "\u0411\u043e\u0442 \u0441\u043e\u0437\u0434\u0430\u043d", "module": "main", "name": "__main__", "process": {"id": 84074, "name": "MainProcess"}, "thread": {"id": 4703096320, "name": "MainThread"}, "time": {"repr": "2021-07-26 14:08:18.555670+03:00", "timestamp": 1627297698.55567}}}
{"text": "2021-07-26T14:08:18.556308+0300 INFO \u0414\u0438\u0441\u043f\u0435\u0442\u0447\u0435\u0440 \u0441\u043e\u0437\u0434\u0430\u043d\n", "record": {"elapsed": {"repr": "0:00:00.022913", "seconds": 0.022913}, "exception": null, "extra": {}, "file": {"name": "main.py", "path": "main.py"}, "function": "<module>", "level": {"icon": "\u2139\ufe0f", "name": "INFO", "no": 20}, "line": 55, "message": "\u0414\u0438\u0441\u043f\u0435\u0442\u0447\u0435\u0440 \u0441\u043e\u0437\u0434\u0430\u043d", "module": "main", "name": "__main__", "process": {"id": 84074, "name": "MainProcess"}, "thread": {"id": 4703096320, "name": "MainThread"}, "time": {"repr": "2021-07-26 14:08:18.556308+03:00", "timestamp": 1627297698.556308}}}
{"text": "2021-07-26T14:09:34.487234+0300 INFO \u0411\u043e\u0442 \u0441\u043e\u0437\u0434\u0430\u043d\n", "record": {"elapsed": {"repr": "0:00:00.023391", "seconds": 0.023391}, "exception": null, "extra": {}, "file": {"name": "main.py", "path": "main.py"}, "function": "<module>", "level": {"icon": "\u2139\ufe0f", "name": "INFO", "no": 20}, "line": 49, "message": "\u0411\u043e\u0442 \u0441\u043e\u0437\u0434\u0430\u043d", "module": "main", "name": "__main__", "process": {"id": 84110, "name": "MainProcess"}, "thread": {"id": 4732501504, "name": "MainThread"}, "time": {"repr": "2021-07-26 14:09:34.487234+03:00", "timestamp": 1627297774.487234}}}
{"text": "2021-07-26T14:09:34.487893+0300 INFO \u0414\u0438\u0441\u043f\u0435\u0442\u0447\u0435\u0440 \u0441\u043e\u0437\u0434\u0430\u043d\n", "record": {"elapsed": {"repr": "0:00:00.024050", "seconds": 0.02405}, "exception": null, "extra": {}, "file": {"name": "main.py", "path": "main.py"}, "function": "<module>", "level": {"icon": "\u2139\ufe0f", "name": "INFO", "no": 20}, "line": 56, "message": "\u0414\u0438\u0441\u043f\u0435\u0442\u0447\u0435\u0440 \u0441\u043e\u0437\u0434\u0430\u043d", "module": "main", "name": "__main__", "process": {"id": 84110, "name": "MainProcess"}, "thread": {"id": 4732501504, "name": "MainThread"}, "time": {"repr": "2021-07-26 14:09:34.487893+03:00", "timestamp": 1627297774.487893}}}
{"text": "2021-07-26T14:10:30.763597+0300 INFO \u0411\u043e\u0442 \u0441\u043e\u0437\u0434\u0430\u043d\n", "record": {"elapsed": {"repr": "0:00:00.018281", "seconds": 0.018281}, "exception": null, "extra": {}, "file": {"name": "main.py", "path": "main.py"}, "function": "<module>", "level": {"icon": "\u2139\ufe0f", "name": "INFO", "no": 20}, "line": 49, "message": "\u0411\u043e\u0442 \u0441\u043e\u0437\u0434\u0430\u043d", "module": "main", "name": "__main__", "process": {"id": 84128, "name": "MainProcess"}, "thread": {"id": 4475678208, "name": "MainThread"}, "time": {"repr": "2021-07-26 14:10:30.763597+03:00", "timestamp": 1627297830.763597}}}
{"text": "2021-07-26T14:10:30.764277+0300 INFO \u0414\u0438\u0441\u043f\u0435\u0442\u0447\u0435\u0440 \u0441\u043e\u0437\u0434\u0430\u043d\n", "record": {"elapsed": {"repr": "0:00:00.018961", "seconds": 0.018961}, "exception": null, "extra": {}, "file": {"name": "main.py", "path": "main.py"}, "function": "<module>", "level": {"icon": "\u2139\ufe0f", "name": "INFO", "no": 20}, "line": 56, "message": "\u0414\u0438\u0441\u043f\u0435\u0442\u0447\u0435\u0440 \u0441\u043e\u0437\u0434\u0430\u043d", "module": "main", "name": "__main__", "process": {"id": 84128, "name": "MainProcess"}, "thread": {"id": 4475678208, "name": "MainThread"}, "time": {"repr": "2021-07-26 14:10:30.764277+03:00", "timestamp": 1627297830.764277}}}
{"text": "2021-07-26T14:11:39.185088+0300 INFO \u0411\u043e\u0442 \u0441\u043e\u0437\u0434\u0430\u043d\n", "record": {"elapsed": {"repr": "0:00:00.017039", "seconds": 0.017039}, "exception": null, "extra": {}, "file": {"name": "main.py", "path": "main.py"}, "function": "<module>", "level": {"icon": "\u2139\ufe0f", "name": "INFO", "no": 20}, "line": 49, "message": "\u0411\u043e\u0442 \u0441\u043e\u0437\u0434\u0430\u043d", "module": "main", "name": "__main__", "process": {"id": 84147, "name": "MainProcess"}, "thread": {"id": 4656709120, "name": "MainThread"}, "time": {"repr": "2021-07-26 14:11:39.185088+03:00", "timestamp": 1627297899.185088}}}
{"text": "2021-07-26T14:11:39.185730+0300 INFO \u0414\u0438\u0441\u043f\u0435\u0442\u0447\u0435\u0440 \u0441\u043e\u0437\u0434\u0430\u043d\n", "record": {"elapsed": {"repr": "0:00:00.017681", "seconds": 0.017681}, "exception": null, "extra": {}, "file": {"name": "main.py", "path": "main.py"}, "function": "<module>", "level": {"icon": "\u2139\ufe0f", "name": "INFO", "no": 20}, "line": 56, "message": "\u0414\u0438\u0441\u043f\u0435\u0442\u0447\u0435\u0440 \u0441\u043e\u0437\u0434\u0430\u043d", "module": "main", "name": "__main__", "process": {"id": 84147, "name": "MainProcess"}, "thread": {"id": 4656709120, "name": "MainThread"}, "time": {"repr": "2021-07-26 14:11:39.185730+03:00", "timestamp": 1627297899.18573}}}
{"text": "2021-07-26T14:15:15.795110+0300 INFO \u0411\u043e\u0442 \u0441\u043e\u0437\u0434\u0430\u043d\n", "record": {"elapsed": {"repr": "0:00:00.024389", "seconds": 0.024389}, "exception": null, "extra": {}, "file": {"name": "main.py", "path": "main.py"}, "function": "<module>", "level": {"icon": "\u2139\ufe0f", "name": "INFO", "no": 20}, "line": 49, "message": "\u0411\u043e\u0442 \u0441\u043e\u0437\u0434\u0430\u043d", "module": "main", "name": "__main__", "process": {"id": 84230, "name": "MainProcess"}, "thread": {"id": 4704087552, "name": "MainThread"}, "time": {"repr": "2021-07-26 14:15:15.795110+03:00", "timestamp": 1627298115.79511}}}
{"text": "2021-07-26T14:15:15.795716+0300 INFO \u0414\u0438\u0441\u043f\u0435\u0442\u0447\u0435\u0440 \u0441\u043e\u0437\u0434\u0430\u043d\n", "record": {"elapsed": {"repr": "0:00:00.024995", "seconds": 0.024995}, "exception": null, "extra": {}, "file": {"name": "main.py", "path": "main.py"}, "function": "<module>", "level": {"icon": "\u2139\ufe0f", "name": "INFO", "no": 20}, "line": 56, "message": "\u0414\u0438\u0441\u043f\u0435\u0442\u0447\u0435\u0440 \u0441\u043e\u0437\u0434\u0430\u043d", "module": "main", "name": "__main__", "process": {"id": 84230, "name": "MainProcess"}, "thread": {"id": 4704087552, "name": "MainThread"}, "time": {"repr": "2021-07-26 14:15:15.795716+03:00", "timestamp": 1627298115.795716}}}
{"text": "2021-07-26T23:00:23.673698+0300 INFO \u0411\u043e\u0442 \u0441\u043e\u0437\u0434\u0430\u043d\n", "record": {"elapsed": {"repr": "0:00:00.026891", "seconds": 0.026891}, "exception": null, "extra": {}, "file": {"name": "main.py", "path": "main.py"}, "function": "<module>", "level": {"icon": "\u2139\ufe0f", "name": "INFO", "no": 20}, "line": 48, "message": "\u0411\u043e\u0442 \u0441\u043e\u0437\u0434\u0430\u043d", "module": "main", "name": "__main__", "process": {"id": 85766, "name": "MainProcess"}, "thread": {"id": 4622401024, "name": "MainThread"}, "time": {"repr": "2021-07-26 23:00:23.673698+03:00", "timestamp": 1627329623.673698}}}
{"text": "2021-07-26T23:00:23.675437+0300 INFO \u0414\u0438\u0441\u043f\u0435\u0442\u0447\u0435\u0440 \u0441\u043e\u0437\u0434\u0430\u043d\n", "record": {"elapsed": {"repr": "0:00:00.028630", "seconds": 0.02863}, "exception": null, "extra": {}, "file": {"name": "main.py", "path": "main.py"}, "function": "<module>", "level": {"icon": "\u2139\ufe0f", "name": "INFO", "no": 20}, "line": 55, "message": "\u0414\u0438\u0441\u043f\u0435\u0442\u0447\u0435\u0440 \u0441\u043e\u0437\u0434\u0430\u043d", "module": "main", "name": "__main__", "process": {"id": 85766, "name": "MainProcess"}, "thread": {"id": 4622401024, "name": "MainThread"}, "time": {"repr": "2021-07-26 23:00:23.675437+03:00", "timestamp": 1627329623.675437}}}
{"text": "2021-07-26T23:01:24.110328+0300 INFO \u0411\u043e\u0442 \u0441\u043e\u0437\u0434\u0430\u043d\n", "record": {"elapsed": {"repr": "0:00:00.016505", "seconds": 0.016505}, "exception": null, "extra": {}, "file": {"name": "main.py", "path": "main.py"}, "function": "<module>", "level": {"icon": "\u2139\ufe0f", "name": "INFO", "no": 20}, "line": 48, "message": "\u0411\u043e\u0442 \u0441\u043e\u0437\u0434\u0430\u043d", "module": "main", "name": "__main__", "process": {"id": 85809, "name": "MainProcess"}, "thread": {"id": 4500540928, "name": "MainThread"}, "time": {"repr": "2021-07-26 23:01:24.110328+03:00", "timestamp": 1627329684.110328}}}
{"text": "2021-07-26T23:01:24.110999+0300 INFO \u0414\u0438\u0441\u043f\u0435\u0442\u0447\u0435\u0440 \u0441\u043e\u0437\u0434\u0430\u043d\n", "record": {"elapsed": {"repr": "0:00:00.017176", "seconds": 0.017176}, "exception": null, "extra": {}, "file": {"name": "main.py", "path": "main.py"}, "function": "<module>", "level": {"icon": "\u2139\ufe0f", "name": "INFO", "no": 20}, "line": 55, "message": "\u0414\u0438\u0441\u043f\u0435\u0442\u0447\u0435\u0440 \u0441\u043e\u0437\u0434\u0430\u043d", "module": "main", "name": "__main__", "process": {"id": 85809, "name": "MainProcess"}, "thread": {"id": 4500540928, "name": "MainThread"}, "time": {"repr": "2021-07-26 23:01:24.110999+03:00", "timestamp": 1627329684.110999}}}
{"text": "2021-07-26T23:01:39.025494+0300 INFO \u0411\u043e\u0442 \u0441\u043e\u0437\u0434\u0430\u043d\n", "record": {"elapsed": {"repr": "0:00:00.030614", "seconds": 0.030614}, "exception": null, "extra": {}, "file": {"name": "main.py", "path": "main.py"}, "function": "<module>", "level": {"icon": "\u2139\ufe0f", "name": "INFO", "no": 20}, "line": 48, "message": "\u0411\u043e\u0442 \u0441\u043e\u0437\u0434\u0430\u043d", "module": "main", "name": "__main__", "process": {"id": 85824, "name": "MainProcess"}, "thread": {"id": 4562263552, "name": "MainThread"}, "time": {"repr": "2021-07-26 23:01:39.025494+03:00", "timestamp": 1627329699.025494}}}
{"text": "2021-07-26T23:01:39.026081+0300 INFO \u0414\u0438\u0441\u043f\u0435\u0442\u0447\u0435\u0440 \u0441\u043e\u0437\u0434\u0430\u043d\n", "record": {"elapsed": {"repr": "0:00:00.031201", "seconds": 0.031201}, "exception": null, "extra": {}, "file": {"name": "main.py", "path": "main.py"}, "function": "<module>", "level": {"icon": "\u2139\ufe0f", "name": "INFO", "no": 20}, "line": 55, "message": "\u0414\u0438\u0441\u043f\u0435\u0442\u0447\u0435\u0440 \u0441\u043e\u0437\u0434\u0430\u043d", "module": "main", "name": "__main__", "process": {"id": 85824, "name": "MainProcess"}, "thread": {"id": 4562263552, "name": "MainThread"}, "time": {"repr": "2021-07-26 23:01:39.026081+03:00", "timestamp": 1627329699.026081}}}
{"text": "2021-07-26T23:02:38.216640+0300 INFO \u0411\u043e\u0442 \u0441\u043e\u0437\u0434\u0430\u043d\n", "record": {"elapsed": {"repr": "0:00:00.016457", "seconds": 0.016457}, "exception": null, "extra": {}, "file": {"name": "main.py", "path": "main.py"}, "function": "<module>", "level": {"icon": "\u2139\ufe0f", "name": "INFO", "no": 20}, "line": 48, "message": "\u0411\u043e\u0442 \u0441\u043e\u0437\u0434\u0430\u043d", "module": "main", "name": "__main__", "process": {"id": 85843, "name": "MainProcess"}, "thread": {"id": 4439592448, "name": "MainThread"}, "time": {"repr": "2021-07-26 23:02:38.216640+03:00", "timestamp": 1627329758.21664}}}
{"text": "2021-07-26T23:02:38.217201+0300 INFO \u0414\u0438\u0441\u043f\u0435\u0442\u0447\u0435\u0440 \u0441\u043e\u0437\u0434\u0430\u043d\n", "record": {"elapsed": {"repr": "0:00:00.017018", "seconds": 0.017018}, "exception": null, "extra": {}, "file": {"name": "main.py", "path": "main.py"}, "function": "<module>", "level": {"icon": "\u2139\ufe0f", "name": "INFO", "no": 20}, "line": 55, "message": "\u0414\u0438\u0441\u043f\u0435\u0442\u0447\u0435\u0440 \u0441\u043e\u0437\u0434\u0430\u043d", "module": "main", "name": "__main__", "process": {"id": 85843, "name": "MainProcess"}, "thread": {"id": 4439592448, "name": "MainThread"}, "time": {"repr": "2021-07-26 23:02:38.217201+03:00", "timestamp": 1627329758.217201}}}
{"text": "2021-07-26T23:03:13.148619+0300 INFO \u0411\u043e\u0442 \u0441\u043e\u0437\u0434\u0430\u043d\n", "record": {"elapsed": {"repr": "0:00:00.017224", "seconds": 0.017224}, "exception": null, "extra": {}, "file": {"name": "main.py", "path": "main.py"}, "function": "<module>", "level": {"icon": "\u2139\ufe0f", "name": "INFO", "no": 20}, "line": 48, "message": "\u0411\u043e\u0442 \u0441\u043e\u0437\u0434\u0430\u043d", "module": "main", "name": "__main__", "process": {"id": 85857, "name": "MainProcess"}, "thread": {"id": 4521311744, "name": "MainThread"}, "time": {"repr": "2021-07-26 23:03:13.148619+03:00", "timestamp": 1627329793.148619}}}
{"text": "2021-07-26T23:03:13.149148+0300 INFO \u0414\u0438\u0441\u043f\u0435\u0442\u0447\u0435\u0440 \u0441\u043e\u0437\u0434\u0430\u043d\n", "record": {"elapsed": {"repr": "0:00:00.017753", "seconds": 0.017753}, "exception": null, "extra": {}, "file": {"name": "main.py", "path": "main.py"}, "function": "<module>", "level": {"icon": "\u2139\ufe0f", "name": "INFO", "no": 20}, "line": 55, "message": "\u0414\u0438\u0441\u043f\u0435\u0442\u0447\u0435\u0440 \u0441\u043e\u0437\u0434\u0430\u043d", "module": "main", "name": "__main__", "process": {"id": 85857, "name": "MainProcess"}, "thread": {"id": 4521311744, "name": "MainThread"}, "time": {"repr": "2021-07-26 23:03:13.149148+03:00", "timestamp": 1627329793.149148}}}
{"text": "2021-07-26T23:04:33.068992+0300 INFO \u0411\u043e\u0442 \u0441\u043e\u0437\u0434\u0430\u043d\n", "record": {"elapsed": {"repr": "0:00:00.016577", "seconds": 0.016577}, "exception": null, "extra": {}, "file": {"name": "main.py", "path": "main.py"}, "function": "<module>", "level": {"icon": "\u2139\ufe0f", "name": "INFO", "no": 20}, "line": 51, "message": "\u0411\u043e\u0442 \u0441\u043e\u0437\u0434\u0430\u043d", "module": "main", "name": "__main__", "process": {"id": 85888, "name": "MainProcess"}, "thread": {"id": 4523924992, "name": "MainThread"}, "time": {"repr": "2021-07-26 23:04:33.068992+03:00", "timestamp": 1627329873.068992}}}
{"text": "2021-07-26T23:04:33.069561+0300 INFO \u0414\u0438\u0441\u043f\u0435\u0442\u0447\u0435\u0440 \u0441\u043e\u0437\u0434\u0430\u043d\n", "record": {"elapsed": {"repr": "0:00:00.017146", "seconds": 0.017146}, "exception": null, "extra": {}, "file": {"name": "main.py", "path": "main.py"}, "function": "<module>", "level": {"icon": "\u2139\ufe0f", "name": "INFO", "no": 20}, "line": 58, "message": "\u0414\u0438\u0441\u043f\u0435\u0442\u0447\u0435\u0440 \u0441\u043e\u0437\u0434\u0430\u043d", "module": "main", "name": "__main__", "process": {"id": 85888, "name": "MainProcess"}, "thread": {"id": 4523924992, "name": "MainThread"}, "time": {"repr": "2021-07-26 23:04:33.069561+03:00", "timestamp": 1627329873.069561}}}
{"text": "2021-07-26T23:38:21.907043+0300 INFO \u0411\u043e\u0442 \u0441\u043e\u0437\u0434\u0430\u043d\n", "record": {"elapsed": {"repr": "0:00:00.025716", "seconds": 0.025716}, "exception": null, "extra": {}, "file": {"name": "main.py", "path": "main.py"}, "function": "<module>", "level": {"icon": "\u2139\ufe0f", "name": "INFO", "no": 20}, "line": 57, "message": "\u0411\u043e\u0442 \u0441\u043e\u0437\u0434\u0430\u043d", "module": "main", "name": "__main__", "process": {"id": 86419, "name": "MainProcess"}, "thread": {"id": 4590087680, "name": "MainThread"}, "time": {"repr": "2021-07-26 23:38:21.907043+03:00", "timestamp": 1627331901.907043}}}
{"text": "2021-07-26T23:38:21.908108+0300 INFO \u0414\u0438\u0441\u043f\u0435\u0442\u0447\u0435\u0440 \u0441\u043e\u0437\u0434\u0430\u043d\n", "record": {"elapsed": {"repr": "0:00:00.026781", "seconds": 0.026781}, "exception": null, "extra": {}, "file": {"name": "main.py", "path": "main.py"}, "function": "<module>", "level": {"icon": "\u2139\ufe0f", "name": "INFO", "no": 20}, "line": 64, "message": "\u0414\u0438\u0441\u043f\u0435\u0442\u0447\u0435\u0440 \u0441\u043e\u0437\u0434\u0430\u043d", "module": "main", "name": "__main__", "process": {"id": 86419, "name": "MainProcess"}, "thread": {"id": 4590087680, "name": "MainThread"}, "time": {"repr": "2021-07-26 23:38:21.908108+03:00", "timestamp": 1627331901.908108}}}
{"text": "2021-07-26T23:38:47.757606+0300 INFO \u0411\u043e\u0442 \u0441\u043e\u0437\u0434\u0430\u043d\n", "record": {"elapsed": {"repr": "0:00:00.018628", "seconds": 0.018628}, "exception": null, "extra": {}, "file": {"name": "main.py", "path": "main.py"}, "function": "<module>", "level": {"icon": "\u2139\ufe0f", "name": "INFO", "no": 20}, "line": 57, "message": "\u0411\u043e\u0442 \u0441\u043e\u0437\u0434\u0430\u043d", "module": "main", "name": "__main__", "process": {"id": 86433, "name": "MainProcess"}, "thread": {"id": 4559658496, "name": "MainThread"}, "time": {"repr": "2021-07-26 23:38:47.757606+03:00", "timestamp": 1627331927.757606}}}
{"text": "2021-07-26T23:38:47.758344+0300 INFO \u0414\u0438\u0441\u043f\u0435\u0442\u0447\u0435\u0440 \u0441\u043e\u0437\u0434\u0430\u043d\n", "record": {"elapsed": {"repr": "0:00:00.019366", "seconds": 0.019366}, "exception": null, "extra": {}, "file": {"name": "main.py", "path": "main.py"}, "function": "<module>", "level": {"icon": "\u2139\ufe0f", "name": "INFO", "no": 20}, "line": 64, "message": "\u0414\u0438\u0441\u043f\u0435\u0442\u0447\u0435\u0440 \u0441\u043e\u0437\u0434\u0430\u043d", "module": "main", "name": "__main__", "process": {"id": 86433, "name": "MainProcess"}, "thread": {"id": 4559658496, "name": "MainThread"}, "time": {"repr": "2021-07-26 23:38:47.758344+03:00", "timestamp": 1627331927.758344}}}
{"text": "2021-07-26T23:39:35.948600+0300 INFO \u0411\u043e\u0442 \u0441\u043e\u0437\u0434\u0430\u043d\n", "record": {"elapsed": {"repr": "0:00:00.024305", "seconds": 0.024305}, "exception": null, "extra": {}, "file": {"name": "main.py", "path": "main.py"}, "function": "<module>", "level": {"icon": "\u2139\ufe0f", "name": "INFO", "no": 20}, "line": 57, "message": "\u0411\u043e\u0442 \u0441\u043e\u0437\u0434\u0430\u043d", "module": "main", "name": "__main__", "process": {"id": 86453, "name": "MainProcess"}, "thread": {"id": 4696768000, "name": "MainThread"}, "time": {"repr": "2021-07-26 23:39:35.948600+03:00", "timestamp": 1627331975.9486}}}
{"text": "2021-07-26T23:39:35.949292+0300 INFO \u0414\u0438\u0441\u043f\u0435\u0442\u0447\u0435\u0440 \u0441\u043e\u0437\u0434\u0430\u043d\n", "record": {"elapsed": {"repr": "0:00:00.024997", "seconds": 0.024997}, "exception": null, "extra": {}, "file": {"name": "main.py", "path": "main.py"}, "function": "<module>", "level": {"icon": "\u2139\ufe0f", "name": "INFO", "no": 20}, "line": 64, "message": "\u0414\u0438\u0441\u043f\u0435\u0442\u0447\u0435\u0440 \u0441\u043e\u0437\u0434\u0430\u043d", "module": "main", "name": "__main__", "process": {"id": 86453, "name": "MainProcess"}, "thread": {"id": 4696768000, "name": "MainThread"}, "time": {"repr": "2021-07-26 23:39:35.949292+03:00", "timestamp": 1627331975.949292}}}
{"text": "2021-07-26T23:39:55.559090+0300 INFO \u0411\u043e\u0442 \u0441\u043e\u0437\u0434\u0430\u043d\n", "record": {"elapsed": {"repr": "0:00:00.021579", "seconds": 0.021579}, "exception": null, "extra": {}, "file": {"name": "main.py", "path": "main.py"}, "function": "<module>", "level": {"icon": "\u2139\ufe0f", "name": "INFO", "no": 20}, "line": 57, "message": "\u0411\u043e\u0442 \u0441\u043e\u0437\u0434\u0430\u043d", "module": "main", "name": "__main__", "process": {"id": 86465, "name": "MainProcess"}, "thread": {"id": 4462681600, "name": "MainThread"}, "time": {"repr": "2021-07-26 23:39:55.559090+03:00", "timestamp": 1627331995.55909}}}
{"text": "2021-07-26T23:39:55.559748+0300 INFO \u0414\u0438\u0441\u043f\u0435\u0442\u0447\u0435\u0440 \u0441\u043e\u0437\u0434\u0430\u043d\n", "record": {"elapsed": {"repr": "0:00:00.022237", "seconds": 0.022237}, "exception": null, "extra": {}, "file": {"name": "main.py", "path": "main.py"}, "function": "<module>", "level": {"icon": "\u2139\ufe0f", "name": "INFO", "no": 20}, "line": 64, "message": "\u0414\u0438\u0441\u043f\u0435\u0442\u0447\u0435\u0440 \u0441\u043e\u0437\u0434\u0430\u043d", "module": "main", "name": "__main__", "process": {"id": 86465, "name": "MainProcess"}, "thread": {"id": 4462681600, "name": "MainThread"}, "time": {"repr": "2021-07-26 23:39:55.559748+03:00", "timestamp": 1627331995.559748}}}
{"text": "2021-07-26T23:40:41.918956+0300 INFO \u0411\u043e\u0442 \u0441\u043e\u0437\u0434\u0430\u043d\n", "record": {"elapsed": {"repr": "0:00:00.021476", "seconds": 0.021476}, "exception": null, "extra": {}, "file": {"name": "main.py", "path": "main.py"}, "function": "<module>", "level": {"icon": "\u2139\ufe0f", "name": "INFO", "no": 20}, "line": 57, "message": "\u0411\u043e\u0442 \u0441\u043e\u0437\u0434\u0430\u043d", "module": "main", "name": "__main__", "process": {"id": 86479, "name": "MainProcess"}, "thread": {"id": 4554903040, "name": "MainThread"}, "time": {"repr": "2021-07-26 23:40:41.918956+03:00", "timestamp": 1627332041.918956}}}
{"text": "2021-07-26T23:40:41.919866+0300 INFO \u0414\u0438\u0441\u043f\u0435\u0442\u0447\u0435\u0440 \u0441\u043e\u0437\u0434\u0430\u043d\n", "record": {"elapsed": {"repr": "0:00:00.022386", "seconds": 0.022386}, "exception": null, "extra": {}, "file": {"name": "main.py", "path": "main.py"}, "function": "<module>", "level": {"icon": "\u2139\ufe0f", "name": "INFO", "no": 20}, "line": 64, "message": "\u0414\u0438\u0441\u043f\u0435\u0442\u0447\u0435\u0440 \u0441\u043e\u0437\u0434\u0430\u043d", "module": "main", "name": "__main__", "process": {"id": 86479, "name": "MainProcess"}, "thread": {"id": 4554903040, "name": "MainThread"}, "time": {"repr": "2021-07-26 23:40:41.919866+03:00", "timestamp": 1627332041.919866}}}
{"text": "2021-07-26T23:41:33.192232+0300 INFO \u0411\u043e\u0442 \u0441\u043e\u0437\u0434\u0430\u043d\n", "record": {"elapsed": {"repr": "0:00:00.025814", "seconds": 0.025814}, "exception": null, "extra": {}, "file": {"name": "main.py", "path": "main.py"}, "function": "<module>", "level": {"icon": "\u2139\ufe0f", "name": "INFO", "no": 20}, "line": 57, "message": "\u0411\u043e\u0442 \u0441\u043e\u0437\u0434\u0430\u043d", "module": "main", "name": "__main__", "process": {"id": 86496, "name": "MainProcess"}, "thread": {"id": 4584750592, "name": "MainThread"}, "time": {"repr": "2021-07-26 23:41:33.192232+03:00", "timestamp": 1627332093.192232}}}
{"text": "2021-07-26T23:41:33.192985+0300 INFO \u0414\u0438\u0441\u043f\u0435\u0442\u0447\u0435\u0440 \u0441\u043e\u0437\u0434\u0430\u043d\n", "record": {"elapsed": {"repr": "0:00:00.026567", "seconds": 0.026567}, "exception": null, "extra": {}, "file": {"name": "main.py", "path": "main.py"}, "function": "<module>", "level": {"icon": "\u2139\ufe0f", "name": "INFO", "no": 20}, "line": 64, "message": "\u0414\u0438\u0441\u043f\u0435\u0442\u0447\u0435\u0440 \u0441\u043e\u0437\u0434\u0430\u043d", "module": "main", "name": "__main__", "process": {"id": 86496, "name": "MainProcess"}, "thread": {"id": 4584750592, "name": "MainThread"}, "time": {"repr": "2021-07-26 23:41:33.192985+03:00", "timestamp": 1627332093.192985}}}
{"text": "2021-07-26T23:42:21.676973+0300 INFO \u0411\u043e\u0442 \u0441\u043e\u0437\u0434\u0430\u043d\n", "record": {"elapsed": {"repr": "0:00:00.024445", "seconds": 0.024445}, "exception": null, "extra": {}, "file": {"name": "main.py", "path": "main.py"}, "function": "<module>", "level": {"icon": "\u2139\ufe0f", "name": "INFO", "no": 20}, "line": 57, "message": "\u0411\u043e\u0442 \u0441\u043e\u0437\u0434\u0430\u043d", "module": "main", "name": "__main__", "process": {"id": 86515, "name": "MainProcess"}, "thread": {"id": 4582718976, "name": "MainThread"}, "time": {"repr": "2021-07-26 23:42:21.676973+03:00", "timestamp": 1627332141.676973}}}
{"text": "2021-07-26T23:42:21.677698+0300 INFO \u0414\u0438\u0441\u043f\u0435\u0442\u0447\u0435\u0440 \u0441\u043e\u0437\u0434\u0430\u043d\n", "record": {"elapsed": {"repr": "0:00:00.025170", "seconds": 0.02517}, "exception": null, "extra": {}, "file": {"name": "main.py", "path": "main.py"}, "function": "<module>", "level": {"icon": "\u2139\ufe0f", "name": "INFO", "no": 20}, "line": 64, "message": "\u0414\u0438\u0441\u043f\u0435\u0442\u0447\u0435\u0440 \u0441\u043e\u0437\u0434\u0430\u043d", "module": "main", "name": "__main__", "process": {"id": 86515, "name": "MainProcess"}, "thread": {"id": 4582718976, "name": "MainThread"}, "time": {"repr": "2021-07-26 23:42:21.677698+03:00", "timestamp": 1627332141.677698}}}
{"text": "2021-07-26T23:42:43.462650+0300 INFO \u0411\u043e\u0442 \u0441\u043e\u0437\u0434\u0430\u043d\n", "record": {"elapsed": {"repr": "0:00:00.018843", "seconds": 0.018843}, "exception": null, "extra": {}, "file": {"name": "main.py", "path": "main.py"}, "function": "<module>", "level": {"icon": "\u2139\ufe0f", "name": "INFO", "no": 20}, "line": 57, "message": "\u0411\u043e\u0442 \u0441\u043e\u0437\u0434\u0430\u043d", "module": "main", "name": "__main__", "process": {"id": 86529, "name": "MainProcess"}, "thread": {"id": 4694273536, "name": "MainThread"}, "time": {"repr": "2021-07-26 23:42:43.462650+03:00", "timestamp": 1627332163.46265}}}
{"text": "2021-07-26T23:42:43.463268+0300 INFO \u0414\u0438\u0441\u043f\u0435\u0442\u0447\u0435\u0440 \u0441\u043e\u0437\u0434\u0430\u043d\n", "record": {"elapsed": {"repr": "0:00:00.019461", "seconds": 0.019461}, "exception": null, "extra": {}, "file": {"name": "main.py", "path": "main.py"}, "function": "<module>", "level": {"icon": "\u2139\ufe0f", "name": "INFO", "no": 20}, "line": 64, "message": "\u0414\u0438\u0441\u043f\u0435\u0442\u0447\u0435\u0440 \u0441\u043e\u0437\u0434\u0430\u043d", "module": "main", "name": "__main__", "process": {"id": 86529, "name": "MainProcess"}, "thread": {"id": 4694273536, "name": "MainThread"}, "time": {"repr": "2021-07-26 23:42:43.463268+03:00", "timestamp": 1627332163.463268}}}
{"text": "2021-07-26T23:43:14.227660+0300 INFO \u0411\u043e\u0442 \u0441\u043e\u0437\u0434\u0430\u043d\n", "record": {"elapsed": {"repr": "0:00:00.028336", "seconds": 0.028336}, "exception": null, "extra": {}, "file": {"name": "main.py", "path": "main.py"}, "function": "<module>", "level": {"icon": "\u2139\ufe0f", "name": "INFO", "no": 20}, "line": 57, "message": "\u0411\u043e\u0442 \u0441\u043e\u0437\u0434\u0430\u043d", "module": "main", "name": "__main__", "process": {"id": 86545, "name": "MainProcess"}, "thread": {"id": 4372729344, "name": "MainThread"}, "time": {"repr": "2021-07-26 23:43:14.227660+03:00", "timestamp": 1627332194.22766}}}
{"text": "2021-07-26T23:43:14.228487+0300 INFO \u0414\u0438\u0441\u043f\u0435\u0442\u0447\u0435\u0440 \u0441\u043e\u0437\u0434\u0430\u043d\n", "record": {"elapsed": {"repr": "0:00:00.029163", "seconds": 0.029163}, "exception": null, "extra": {}, "file": {"name": "main.py", "path": "main.py"}, "function": "<module>", "level": {"icon": "\u2139\ufe0f", "name": "INFO", "no": 20}, "line": 64, "message": "\u0414\u0438\u0441\u043f\u0435\u0442\u0447\u0435\u0440 \u0441\u043e\u0437\u0434\u0430\u043d", "module": "main", "name": "__main__", "process": {"id": 86545, "name": "MainProcess"}, "thread": {"id": 4372729344, "name": "MainThread"}, "time": {"repr": "2021-07-26 23:43:14.228487+03:00", "timestamp": 1627332194.228487}}}
{"text": "2021-07-26T23:43:39.393482+0300 INFO \u0411\u043e\u0442 \u0441\u043e\u0437\u0434\u0430\u043d\n", "record": {"elapsed": {"repr": "0:00:00.021042", "seconds": 0.021042}, "exception": null, "extra": {}, "file": {"name": "main.py", "path": "main.py"}, "function": "<module>", "level": {"icon": "\u2139\ufe0f", "name": "INFO", "no": 20}, "line": 57, "message": "\u0411\u043e\u0442 \u0441\u043e\u0437\u0434\u0430\u043d", "module": "main", "name": "__main__", "process": {"id": 86558, "name": "MainProcess"}, "thread": {"id": 4674584064, "name": "MainThread"}, "time": {"repr": "2021-07-26 23:43:39.393482+03:00", "timestamp": 1627332219.393482}}}
{"text": "2021-07-26T23:43:39.394105+0300 INFO \u0414\u0438\u0441\u043f\u0435\u0442\u0447\u0435\u0440 \u0441\u043e\u0437\u0434\u0430\u043d\n", "record": {"elapsed": {"repr": "0:00:00.021665", "seconds": 0.021665}, "exception": null, "extra": {}, "file": {"name": "main.py", "path": "main.py"}, "function": "<module>", "level": {"icon": "\u2139\ufe0f", "name": "INFO", "no": 20}, "line": 64, "message": "\u0414\u0438\u0441\u043f\u0435\u0442\u0447\u0435\u0440 \u0441\u043e\u0437\u0434\u0430\u043d", "module": "main", "name": "__main__", "process": {"id": 86558, "name": "MainProcess"}, "thread": {"id": 4674584064, "name": "MainThread"}, "time": {"repr": "2021-07-26 23:43:39.394105+03:00", "timestamp": 1627332219.394105}}}
{"text": "2021-07-26T23:43:57.588784+0300 INFO \u0411\u043e\u0442 \u0441\u043e\u0437\u0434\u0430\u043d\n", "record": {"elapsed": {"repr": "0:00:00.016889", "seconds": 0.016889}, "exception": null, "extra": {}, "file": {"name": "main.py", "path": "main.py"}, "function": "<module>", "level": {"icon": "\u2139\ufe0f", "name": "INFO", "no": 20}, "line": 57, "message": "\u0411\u043e\u0442 \u0441\u043e\u0437\u0434\u0430\u043d", "module": "main", "name": "__main__", "process": {"id": 86573, "name": "MainProcess"}, "thread": {"id": 4590231040, "name": "MainThread"}, "time": {"repr": "2021-07-26 23:43:57.588784+03:00", "timestamp": 1627332237.588784}}}
{"text": "2021-07-26T23:43:57.589362+0300 INFO \u0414\u0438\u0441\u043f\u0435\u0442\u0447\u0435\u0440 \u0441\u043e\u0437\u0434\u0430\u043d\n", "record": {"elapsed": {"repr": "0:00:00.017467", "seconds": 0.017467}, "exception": null, "extra": {}, "file": {"name": "main.py", "path": "main.py"}, "function": "<module>", "level": {"icon": "\u2139\ufe0f", "name": "INFO", "no": 20}, "line": 64, "message": "\u0414\u0438\u0441\u043f\u0435\u0442\u0447\u0435\u0440 \u0441\u043e\u0437\u0434\u0430\u043d", "module": "main", "name": "__main__", "process": {"id": 86573, "name": "MainProcess"}, "thread": {"id": 4590231040, "name": "MainThread"}, "time": {"repr": "2021-07-26 23:43:57.589362+03:00", "timestamp": 1627332237.589362}}}
{"text": "2021-07-26T23:56:31.356240+0300 INFO \u0411\u043e\u0442 \u0441\u043e\u0437\u0434\u0430\u043d\n", "record": {"elapsed": {"repr": "0:00:00.027091", "seconds": 0.027091}, "exception": null, "extra": {}, "file": {"name": "main.py", "path": "main.py"}, "function": "<module>", "level": {"icon": "\u2139\ufe0f", "name": "INFO", "no": 20}, "line": 57, "message": "\u0411\u043e\u0442 \u0441\u043e\u0437\u0434\u0430\u043d", "module": "main", "name": "__main__", "process": {"id": 86788, "name": "MainProcess"}, "thread": {"id": 4621463040, "name": "MainThread"}, "time": {"repr": "2021-07-26 23:56:31.356240+03:00", "timestamp": 1627332991.35624}}}
{"text": "2021-07-26T23:56:31.358414+0300 INFO \u0414\u0438\u0441\u043f\u0435\u0442\u0447\u0435\u0440 \u0441\u043e\u0437\u0434\u0430\u043d\n", "record": {"elapsed": {"repr": "0:00:00.029265", "seconds": 0.029265}, "exception": null, "extra": {}, "file": {"name": "main.py", "path": "main.py"}, "function": "<module>", "level": {"icon": "\u2139\ufe0f", "name": "INFO", "no": 20}, "line": 64, "message": "\u0414\u0438\u0441\u043f\u0435\u0442\u0447\u0435\u0440 \u0441\u043e\u0437\u0434\u0430\u043d", "module": "main", "name": "__main__", "process": {"id": 86788, "name": "MainProcess"}, "thread": {"id": 4621463040, "name": "MainThread"}, "time": {"repr": "2021-07-26 23:56:31.358414+03:00", "timestamp": 1627332991.358414}}}
{"text": "2021-07-26T23:58:54.012362+0300 INFO \u0411\u043e\u0442 \u0441\u043e\u0437\u0434\u0430\u043d\n", "record": {"elapsed": {"repr": "0:00:00.021867", "seconds": 0.021867}, "exception": null, "extra": {}, "file": {"name": "main.py", "path": "main.py"}, "function": "<module>", "level": {"icon": "\u2139\ufe0f", "name": "INFO", "no": 20}, "line": 57, "message": "\u0411\u043e\u0442 \u0441\u043e\u0437\u0434\u0430\u043d", "module": "main", "name": "__main__", "process": {"id": 86828, "name": "MainProcess"}, "thread": {"id": 4349607424, "name": "MainThread"}, "time": {"repr": "2021-07-26 23:58:54.012362+03:00", "timestamp": 1627333134.012362}}}
{"text": "2021-07-26T23:58:54.013532+0300 INFO \u0414\u0438\u0441\u043f\u0435\u0442\u0447\u0435\u0440 \u0441\u043e\u0437\u0434\u0430\u043d\n", "record": {"elapsed": {"repr": "0:00:00.023037", "seconds": 0.023037}, "exception": null, "extra": {}, "file": {"name": "main.py", "path": "main.py"}, "function": "<module>", "level": {"icon": "\u2139\ufe0f", "name": "INFO", "no": 20}, "line": 64, "message": "\u0414\u0438\u0441\u043f\u0435\u0442\u0447\u0435\u0440 \u0441\u043e\u0437\u0434\u0430\u043d", "module": "main", "name": "__main__", "process": {"id": 86828, "name": "MainProcess"}, "thread": {"id": 4349607424, "name": "MainThread"}, "time": {"repr": "2021-07-26 23:58:54.013532+03:00", "timestamp": 1627333134.013532}}}
{"text": "2021-07-26T23:59:24.308605+0300 INFO \u0411\u043e\u0442 \u0441\u043e\u0437\u0434\u0430\u043d\n", "record": {"elapsed": {"repr": "0:00:00.019083", "seconds": 0.019083}, "exception": null, "extra": {}, "file": {"name": "main.py", "path": "main.py"}, "function": "<module>", "level": {"icon": "\u2139\ufe0f", "name": "INFO", "no": 20}, "line": 57, "message": "\u0411\u043e\u0442 \u0441\u043e\u0437\u0434\u0430\u043d", "module": "main", "name": "__main__", "process": {"id": 86843, "name": "MainProcess"}, "thread": {"id": 4534115840, "name": "MainThread"}, "time": {"repr": "2021-07-26 23:59:24.308605+03:00", "timestamp": 1627333164.308605}}}
{"text": "2021-07-26T23:59:24.309226+0300 INFO \u0414\u0438\u0441\u043f\u0435\u0442\u0447\u0435\u0440 \u0441\u043e\u0437\u0434\u0430\u043d\n", "record": {"elapsed": {"repr": "0:00:00.019704", "seconds": 0.019704}, "exception": null, "extra": {}, "file": {"name": "main.py", "path": "main.py"}, "function": "<module>", "level": {"icon": "\u2139\ufe0f", "name": "INFO", "no": 20}, "line": 64, "message": "\u0414\u0438\u0441\u043f\u0435\u0442\u0447\u0435\u0440 \u0441\u043e\u0437\u0434\u0430\u043d", "module": "main", "name": "__main__", "process": {"id": 86843, "name": "MainProcess"}, "thread": {"id": 4534115840, "name": "MainThread"}, "time": {"repr": "2021-07-26 23:59:24.309226+03:00", "timestamp": 1627333164.309226}}}
{"text": "2021-07-27T00:00:30.174838+0300 INFO \u0411\u043e\u0442 \u0441\u043e\u0437\u0434\u0430\u043d\n", "record": {"elapsed": {"repr": "0:00:00.023051", "seconds": 0.023051}, "exception": null, "extra": {}, "file": {"name": "main.py", "path": "main.py"}, "function": "<module>", "level": {"icon": "\u2139\ufe0f", "name": "INFO", "no": 20}, "line": 58, "message": "\u0411\u043e\u0442 \u0441\u043e\u0437\u0434\u0430\u043d", "module": "main", "name": "__main__", "process": {"id": 86867, "name": "MainProcess"}, "thread": {"id": 4525473280, "name": "MainThread"}, "time": {"repr": "2021-07-27 00:00:30.174838+03:00", "timestamp": 1627333230.174838}}}
{"text": "2021-07-27T00:00:30.175390+0300 INFO \u0414\u0438\u0441\u043f\u0435\u0442\u0447\u0435\u0440 \u0441\u043e\u0437\u0434\u0430\u043d\n", "record": {"elapsed": {"repr": "0:00:00.023603", "seconds": 0.023603}, "exception": null, "extra": {}, "file": {"name": "main.py", "path": "main.py"}, "function": "<module>", "level": {"icon": "\u2139\ufe0f", "name": "INFO", "no": 20}, "line": 65, "message": "\u0414\u0438\u0441\u043f\u0435\u0442\u0447\u0435\u0440 \u0441\u043e\u0437\u0434\u0430\u043d", "module": "main", "name": "__main__", "process": {"id": 86867, "name": "MainProcess"}, "thread": {"id": 4525473280, "name": "MainThread"}, "time": {"repr": "2021-07-27 00:00:30.175390+03:00", "timestamp": 1627333230.17539}}}
{"text": "2021-07-27T00:01:10.818839+0300 INFO \u0411\u043e\u0442 \u0441\u043e\u0437\u0434\u0430\u043d\n", "record": {"elapsed": {"repr": "0:00:00.016740", "seconds": 0.01674}, "exception": null, "extra": {}, "file": {"name": "main.py", "path": "main.py"}, "function": "<module>", "level": {"icon": "\u2139\ufe0f", "name": "INFO", "no": 20}, "line": 57, "message": "\u0411\u043e\u0442 \u0441\u043e\u0437\u0434\u0430\u043d", "module": "main", "name": "__main__", "process": {"id": 86883, "name": "MainProcess"}, "thread": {"id": 4488068608, "name": "MainThread"}, "time": {"repr": "2021-07-27 00:01:10.818839+03:00", "timestamp": 1627333270.818839}}}
{"text": "2021-07-27T00:01:10.819417+0300 INFO \u0414\u0438\u0441\u043f\u0435\u0442\u0447\u0435\u0440 \u0441\u043e\u0437\u0434\u0430\u043d\n", "record": {"elapsed": {"repr": "0:00:00.017318", "seconds": 0.017318}, "exception": null, "extra": {}, "file": {"name": "main.py", "path": "main.py"}, "function": "<module>", "level": {"icon": "\u2139\ufe0f", "name": "INFO", "no": 20}, "line": 64, "message": "\u0414\u0438\u0441\u043f\u0435\u0442\u0447\u0435\u0440 \u0441\u043e\u0437\u0434\u0430\u043d", "module": "main", "name": "__main__", "process": {"id": 86883, "name": "MainProcess"}, "thread": {"id": 4488068608, "name": "MainThread"}, "time": {"repr": "2021-07-27 00:01:10.819417+03:00", "timestamp": 1627333270.819417}}}
{"text": "2021-07-27T00:02:13.229493+0300 INFO \u0411\u043e\u0442 \u0441\u043e\u0437\u0434\u0430\u043d\n", "record": {"elapsed": {"repr": "0:00:00.016605", "seconds": 0.016605}, "exception": null, "extra": {}, "file": {"name": "main.py", "path": "main.py"}, "function": "<module>", "level": {"icon": "\u2139\ufe0f", "name": "INFO", "no": 20}, "line": 57, "message": "\u0411\u043e\u0442 \u0441\u043e\u0437\u0434\u0430\u043d", "module": "main", "name": "__main__", "process": {"id": 86906, "name": "MainProcess"}, "thread": {"id": 4653477376, "name": "MainThread"}, "time": {"repr": "2021-07-27 00:02:13.229493+03:00", "timestamp": 1627333333.229493}}}
{"text": "2021-07-27T00:02:13.230016+0300 INFO \u0414\u0438\u0441\u043f\u0435\u0442\u0447\u0435\u0440 \u0441\u043e\u0437\u0434\u0430\u043d\n", "record": {"elapsed": {"repr": "0:00:00.017128", "seconds": 0.017128}, "exception": null, "extra": {}, "file": {"name": "main.py", "path": "main.py"}, "function": "<module>", "level": {"icon": "\u2139\ufe0f", "name": "INFO", "no": 20}, "line": 64, "message": "\u0414\u0438\u0441\u043f\u0435\u0442\u0447\u0435\u0440 \u0441\u043e\u0437\u0434\u0430\u043d", "module": "main", "name": "__main__", "process": {"id": 86906, "name": "MainProcess"}, "thread": {"id": 4653477376, "name": "MainThread"}, "time": {"repr": "2021-07-27 00:02:13.230016+03:00", "timestamp": 1627333333.230016}}}
{"text": "2021-07-27T00:02:33.503274+0300 INFO \u0411\u043e\u0442 \u0441\u043e\u0437\u0434\u0430\u043d\n", "record": {"elapsed": {"repr": "0:00:00.016491", "seconds": 0.016491}, "exception": null, "extra": {}, "file": {"name": "main.py", "path": "main.py"}, "function": "<module>", "level": {"icon": "\u2139\ufe0f", "name": "INFO", "no": 20}, "line": 57, "message": "\u0411\u043e\u0442 \u0441\u043e\u0437\u0434\u0430\u043d", "module": "main", "name": "__main__", "process": {"id": 86921, "name": "MainProcess"}, "thread": {"id": 4610825728, "name": "MainThread"}, "time": {"repr": "2021-07-27 00:02:33.503274+03:00", "timestamp": 1627333353.503274}}}
{"text": "2021-07-27T00:02:33.503823+0300 INFO \u0414\u0438\u0441\u043f\u0435\u0442\u0447\u0435\u0440 \u0441\u043e\u0437\u0434\u0430\u043d\n", "record": {"elapsed": {"repr": "0:00:00.017040", "seconds": 0.01704}, "exception": null, "extra": {}, "file": {"name": "main.py", "path": "main.py"}, "function": "<module>", "level": {"icon": "\u2139\ufe0f", "name": "INFO", "no": 20}, "line": 64, "message": "\u0414\u0438\u0441\u043f\u0435\u0442\u0447\u0435\u0440 \u0441\u043e\u0437\u0434\u0430\u043d", "module": "main", "name": "__main__", "process": {"id": 86921, "name": "MainProcess"}, "thread": {"id": 4610825728, "name": "MainThread"}, "time": {"repr": "2021-07-27 00:02:33.503823+03:00", "timestamp": 1627333353.503823}}}
{"text": "2021-07-27T00:03:45.658538+0300 INFO \u0411\u043e\u0442 \u0441\u043e\u0437\u0434\u0430\u043d\n", "record": {"elapsed": {"repr": "0:00:00.016944", "seconds": 0.016944}, "exception": null, "extra": {}, "file": {"name": "main.py", "path": "main.py"}, "function": "<module>", "level": {"icon": "\u2139\ufe0f", "name": "INFO", "no": 20}, "line": 57, "message": "\u0411\u043e\u0442 \u0441\u043e\u0437\u0434\u0430\u043d", "module": "main", "name": "__main__", "process": {"id": 86946, "name": "MainProcess"}, "thread": {"id": 4424404480, "name": "MainThread"}, "time": {"repr": "2021-07-27 00:03:45.658538+03:00", "timestamp": 1627333425.658538}}}
{"text": "2021-07-27T00:03:45.659167+0300 INFO \u0414\u0438\u0441\u043f\u0435\u0442\u0447\u0435\u0440 \u0441\u043e\u0437\u0434\u0430\u043d\n", "record": {"elapsed": {"repr": "0:00:00.017573", "seconds": 0.017573}, "exception": null, "extra": {}, "file": {"name": "main.py", "path": "main.py"}, "function": "<module>", "level": {"icon": "\u2139\ufe0f", "name": "INFO", "no": 20}, "line": 64, "message": "\u0414\u0438\u0441\u043f\u0435\u0442\u0447\u0435\u0440 \u0441\u043e\u0437\u0434\u0430\u043d", "module": "main", "name": "__main__", "process": {"id": 86946, "name": "MainProcess"}, "thread": {"id": 4424404480, "name": "MainThread"}, "time": {"repr": "2021-07-27 00:03:45.659167+03:00", "timestamp": 1627333425.659167}}}
