{"text": "2021-07-23T00:27:45.405395+0300 INFO \u0411\u043e\u0442 \u0441\u043e\u0437\u0434\u0430\u043d\n", "record": {"elapsed": {"repr": "0:00:00.023005", "seconds": 0.023005}, "exception": null, "extra": {}, "file": {"name": "main.py", "path": "main.py"}, "function": "<module>", "level": {"icon": "\u2139\ufe0f", "name": "INFO", "no": 20}, "line": 32, "message": "\u0411\u043e\u0442 \u0441\u043e\u0437\u0434\u0430\u043d", "module": "main", "name": "__main__", "process": {"id": 74034, "name": "MainProcess"}, "thread": {"id": 4550106624, "name": "MainThread"}, "time": {"repr": "2021-07-23 00:27:45.405395+03:00", "timestamp": 1626989265.405395}}}
{"text": "2021-07-23T00:27:45.406002+0300 INFO \u0414\u0438\u0441\u043f\u0435\u0442\u0447\u0435\u0440 \u0441\u043e\u0437\u0434\u0430\u043d\n", "record": {"elapsed": {"repr": "0:00:00.023612", "seconds": 0.023612}, "exception": null, "extra": {}, "file": {"name": "main.py", "path": "main.py"}, "function": "<module>", "level": {"icon": "\u2139\ufe0f", "name": "INFO", "no": 20}, "line": 38, "message": "\u0414\u0438\u0441\u043f\u0435\u0442\u0447\u0435\u0440 \u0441\u043e\u0437\u0434\u0430\u043d", "module": "main", "name": "__main__", "process": {"id": 74034, "name": "MainProcess"}, "thread": {"id": 4550106624, "name": "MainThread"}, "time": {"repr": "2021-07-23 00:27:45.406002+03:00", "timestamp": 1626989265.406002}}}
{"text": "2021-07-23T10:25:33.781666+0300 INFO \u0411\u043e\u0442 \u0441\u043e\u0437\u0434\u0430\u043d\n", "record": {"elapsed": {"repr": "0:00:00.033218", "seconds": 0.033218}, "exception": null, "extra": {}, "file": {"name": "main.py", "path": "main.py"}, "function": "<module>", "level": {"icon": "\u2139\ufe0f", "name": "INFO", "no": 20}, "line": 32, "message": "\u0411\u043e\u0442 \u0441\u043e\u0437\u0434\u0430\u043d", "module": "main", "name": "__main__", "process": {"id": 74397, "name": "MainProcess"}, "thread": {"id": 4589616640, "name": "MainThread"}, "time": {"repr": "2021-07-23 10:25:33.781666+03:00", "timestamp": 1627025133.781666}}}
{"text": "2021-07-23T10:25:33.783122+0300 INFO \u0414\u0438\u0441\u043f\u0435\u0442\u0447\u0435\u0440 \u0441\u043e\u0437\u0434\u0430\u043d\n", "record": {"elapsed": {"repr": "0:00:00.034674", "seconds": 0.034674}, "exception": null, "extra": {}, "file": {"name": "main.py", "path": "main.py"}, "function": "<module>", "level": {"icon": "\u2139\ufe0f", "name": "INFO", "no": 20}, "line": 38, "message": "\u0414\u0438\u0441\u043f\u0435\u0442\u0447\u0435\u0440 \u0441\u043e\u0437\u0434\u0430\u043d", "module": "main", "name": "__main__", "process": {"id": 74397, "name": "MainProcess"}, "thread": {"id": 4589616640, "name": "MainThread"}, "time": {"repr": "2021-07-23 10:25:33.783122+03:00", "timestamp": 1627025133.783122}}}
{"text": "2021-07-23T10:26:44.687692+0300 INFO \u0411\u043e\u0442 \u0441\u043e\u0437\u0434\u0430\u043d\n", "record": {"elapsed": {"repr": "0:00:00.034178", "seconds": 0.034178}, "exception": null, "extra": {}, "file": {"name": "main.py", "path": "main.py"}, "function": "<module>", "level": {"icon": "\u2139\ufe0f", "name": "INFO", "no": 20}, "line": 32, "message": "\u0411\u043e\u0442 \u0441\u043e\u0437\u0434\u0430\u043d", "module": "main", "name": "__main__", "process": {"id": 74436, "name": "MainProcess"}, "thread": {"id": 4299841024, "name": "MainThread"}, "time": {"repr": "2021-07-23 10:26:44.687692+03:00", "timestamp": 1627025204.687692}}}
{"text": "2021-07-23T10:26:44.688497+0300 INFO \u0414\u0438\u0441\u043f\u0435\u0442\u0447\u0435\u0440 \u0441\u043e\u0437\u0434\u0430\u043d\n", "record": {"elapsed": {"repr": "0:00:00.034983", "seconds": 0.034983}, "exception": null, "extra": {}, "file": {"name": "main.py", "path": "main.py"}, "function": "<module>", "level": {"icon": "\u2139\ufe0f", "name": "INFO", "no": 20}, "line": 38, "message": "\u0414\u0438\u0441\u043f\u0435\u0442\u0447\u0435\u0440 \u0441\u043e\u0437\u0434\u0430\u043d", "module": "main", "name": "__main__", "process": {"id": 74436, "name": "MainProcess"}, "thread": {"id": 4299841024, "name": "MainThread"}, "time": {"repr": "2021-07-23 10:26:44.688497+03:00", "timestamp": 1627025204.688497}}}
{"text": "2021-07-23T10:29:25.225331+0300 INFO \u0411\u043e\u0442 \u0441\u043e\u0437\u0434\u0430\u043d\n", "record": {"elapsed": {"repr": "0:00:00.022848", "seconds": 0.022848}, "exception": null, "extra": {}, "file": {"name": "main.py", "path": "main.py"}, "function": "<module>", "level": {"icon": "\u2139\ufe0f", "name": "INFO", "no": 20}, "line": 32, "message": "\u0411\u043e\u0442 \u0441\u043e\u0437\u0434\u0430\u043d", "module": "main", "name": "__main__", "process": {"id": 74476, "name": "MainProcess"}, "thread": {"id": 4664073728, "name": "MainThread"}, "time": {"repr": "2021-07-23 10:29:25.225331+03:00", "timestamp": 1627025365.225331}}}
{"text": "2021-07-23T10:29:25.225986+0300 INFO \u0414\u0438\u0441\u043f\u0435\u0442\u0447\u0435\u0440 \u0441\u043e\u0437\u0434\u0430\u043d\n", "record": {"elapsed": {"repr": "0:00:00.023503", "seconds": 0.023503}, "exception": null, "extra": {}, "file": {"name": "main.py", "path": "main.py"}, "function": "<module>", "level": {"icon": "\u2139\ufe0f", "name": "INFO", "no": 20}, "line": 38, "message": "\u0414\u0438\u0441\u043f\u0435\u0442\u0447\u0435\u0440 \u0441\u043e\u0437\u0434\u0430\u043d", "module": "main", "name": "__main__", "process": {"id": 74476, "name": "MainProcess"}, "thread": {"id": 4664073728, "name": "MainThread"}, "time": {"repr": "2021-07-23 10:29:25.225986+03:00", "timestamp": 1627025365.225986}}}
{"text": "2021-07-23T10:30:33.791699+0300 INFO \u0411\u043e\u0442 \u0441\u043e\u0437\u0434\u0430\u043d\n", "record": {"elapsed": {"repr": "0:00:00.016700", "seconds": 0.0167}, "exception": null, "extra": {}, "file": {"name": "main.py", "path": "main.py"}, "function": "<module>", "level": {"icon": "\u2139\ufe0f", "name": "INFO", "no": 20}, "line": 32, "message": "\u0411\u043e\u0442 \u0441\u043e\u0437\u0434\u0430\u043d", "module": "main", "name": "__main__", "process": {"id": 74505, "name": "MainProcess"}, "thread": {"id": 4419964416, "name": "MainThread"}, "time": {"repr": "2021-07-23 10:30:33.791699+03:00", "timestamp": 1627025433.791699}}}
{"text": "2021-07-23T10:30:33.792442+0300 INFO \u0414\u0438\u0441\u043f\u0435\u0442\u0447\u0435\u0440 \u0441\u043e\u0437\u0434\u0430\u043d\n", "record": {"elapsed": {"repr": "0:00:00.017443", "seconds": 0.017443}, "exception": null, "extra": {}, "file": {"name": "main.py", "path": "main.py"}, "function": "<module>", "level": {"icon": "\u2139\ufe0f", "name": "INFO", "no": 20}, "line": 38, "message": "\u0414\u0438\u0441\u043f\u0435\u0442\u0447\u0435\u0440 \u0441\u043e\u0437\u0434\u0430\u043d", "module": "main", "name": "__main__", "process": {"id": 74505, "name": "MainProcess"}, "thread": {"id": 4419964416, "name": "MainThread"}, "time": {"repr": "2021-07-23 10:30:33.792442+03:00", "timestamp": 1627025433.792442}}}
{"text": "2021-07-23T10:31:56.974816+0300 INFO \u0411\u043e\u0442 \u0441\u043e\u0437\u0434\u0430\u043d\n", "record": {"elapsed": {"repr": "0:00:00.024443", "seconds": 0.024443}, "exception": null, "extra": {}, "file": {"name": "main.py", "path": "main.py"}, "function": "<module>", "level": {"icon": "\u2139\ufe0f", "name": "INFO", "no": 20}, "line": 32, "message": "\u0411\u043e\u0442 \u0441\u043e\u0437\u0434\u0430\u043d", "module": "main", "name": "__main__", "process": {"id": 74537, "name": "MainProcess"}, "thread": {"id": 4566662656, "name": "MainThread"}, "time": {"repr": "2021-07-23 10:31:56.974816+03:00", "timestamp": 1627025516.974816}}}
{"text": "2021-07-23T10:31:56.976074+0300 INFO \u0414\u0438\u0441\u043f\u0435\u0442\u0447\u0435\u0440 \u0441\u043e\u0437\u0434\u0430\u043d\n", "record": {"elapsed": {"repr": "0:00:00.025701", "seconds": 0.025701}, "exception": null, "extra": {}, "file": {"name": "main.py", "path": "main.py"}, "function": "<module>", "level": {"icon": "\u2139\ufe0f", "name": "INFO", "no": 20}, "line": 38, "message": "\u0414\u0438\u0441\u043f\u0435\u0442\u0447\u0435\u0440 \u0441\u043e\u0437\u0434\u0430\u043d", "module": "main", "name": "__main__", "process": {"id": 74537, "name": "MainProcess"}, "thread": {"id": 4566662656, "name": "MainThread"}, "time": {"repr": "2021-07-23 10:31:56.976074+03:00", "timestamp": 1627025516.976074}}}
{"text": "2021-07-23T10:33:07.731960+0300 INFO \u0411\u043e\u0442 \u0441\u043e\u0437\u0434\u0430\u043d\n", "record": {"elapsed": {"repr": "0:00:00.016315", "seconds": 0.016315}, "exception": null, "extra": {}, "file": {"name": "main.py", "path": "main.py"}, "function": "<module>", "level": {"icon": "\u2139\ufe0f", "name": "INFO", "no": 20}, "line": 32, "message": "\u0411\u043e\u0442 \u0441\u043e\u0437\u0434\u0430\u043d", "module": "main", "name": "__main__", "process": {"id": 74555, "name": "MainProcess"}, "thread": {"id": 4459150848, "name": "MainThread"}, "time": {"repr": "2021-07-23 10:33:07.731960+03:00", "timestamp": 1627025587.73196}}}
{"text": "2021-07-23T10:33:07.732526+0300 INFO \u0414\u0438\u0441\u043f\u0435\u0442\u0447\u0435\u0440 \u0441\u043e\u0437\u0434\u0430\u043d\n", "record": {"elapsed": {"repr": "0:00:00.016881", "seconds": 0.016881}, "exception": null, "extra": {}, "file": {"name": "main.py", "path": "main.py"}, "function": "<module>", "level": {"icon": "\u2139\ufe0f", "name": "INFO", "no": 20}, "line": 38, "message": "\u0414\u0438\u0441\u043f\u0435\u0442\u0447\u0435\u0440 \u0441\u043e\u0437\u0434\u0430\u043d", "module": "main", "name": "__main__", "process": {"id": 74555, "name": "MainProcess"}, "thread": {"id": 4459150848, "name": "MainThread"}, "time": {"repr": "2021-07-23 10:33:07.732526+03:00", "timestamp": 1627025587.732526}}}
{"text": "2021-07-23T10:43:27.449805+0300 INFO \u0411\u043e\u0442 \u0441\u043e\u0437\u0434\u0430\u043d\n", "record": {"elapsed": {"repr": "0:00:00.033782", "seconds": 0.033782}, "exception": null, "extra": {}, "file": {"name": "main.py", "path": "main.py"}, "function": "<module>", "level": {"icon": "\u2139\ufe0f", "name": "INFO", "no": 20}, "line": 32, "message": "\u0411\u043e\u0442 \u0441\u043e\u0437\u0434\u0430\u043d", "module": "main", "name": "__main__", "process": {"id": 74742, "name": "MainProcess"}, "thread": {"id": 4338904576, "name": "MainThread"}, "time": {"repr": "2021-07-23 10:43:27.449805+03:00", "timestamp": 1627026207.449805}}}
{"text": "2021-07-23T10:43:27.450515+0300 INFO \u0414\u0438\u0441\u043f\u0435\u0442\u0447\u0435\u0440 \u0441\u043e\u0437\u0434\u0430\u043d\n", "record": {"elapsed": {"repr": "0:00:00.034492", "seconds": 0.034492}, "exception": null, "extra": {}, "file": {"name": "main.py", "path": "main.py"}, "function": "<module>", "level": {"icon": "\u2139\ufe0f", "name": "INFO", "no": 20}, "line": 38, "message": "\u0414\u0438\u0441\u043f\u0435\u0442\u0447\u0435\u0440 \u0441\u043e\u0437\u0434\u0430\u043d", "module": "main", "name": "__main__", "process": {"id": 74742, "name": "MainProcess"}, "thread": {"id": 4338904576, "name": "MainThread"}, "time": {"repr": "2021-07-23 10:43:27.450515+03:00", "timestamp": 1627026207.450515}}}
{"text": "2021-07-23T10:44:13.943098+0300 INFO \u0411\u043e\u0442 \u0441\u043e\u0437\u0434\u0430\u043d\n", "record": {"elapsed": {"repr": "0:00:00.016241", "seconds": 0.016241}, "exception": null, "extra": {}, "file": {"name": "main.py", "path": "main.py"}, "function": "<module>", "level": {"icon": "\u2139\ufe0f", "name": "INFO", "no": 20}, "line": 32, "message": "\u0411\u043e\u0442 \u0441\u043e\u0437\u0434\u0430\u043d", "module": "main", "name": "__main__", "process": {"id": 74761, "name": "MainProcess"}, "thread": {"id": 4679106048, "name": "MainThread"}, "time": {"repr": "2021-07-23 10:44:13.943098+03:00", "timestamp": 1627026253.943098}}}
{"text": "2021-07-23T10:44:13.943635+0300 INFO \u0414\u0438\u0441\u043f\u0435\u0442\u0447\u0435\u0440 \u0441\u043e\u0437\u0434\u0430\u043d\n", "record": {"elapsed": {"repr": "0:00:00.016778", "seconds": 0.016778}, "exception": null, "extra": {}, "file": {"name": "main.py", "path": "main.py"}, "function": "<module>", "level": {"icon": "\u2139\ufe0f", "name": "INFO", "no": 20}, "line": 38, "message": "\u0414\u0438\u0441\u043f\u0435\u0442\u0447\u0435\u0440 \u0441\u043e\u0437\u0434\u0430\u043d", "module": "main", "name": "__main__", "process": {"id": 74761, "name": "MainProcess"}, "thread": {"id": 4679106048, "name": "MainThread"}, "time": {"repr": "2021-07-23 10:44:13.943635+03:00", "timestamp": 1627026253.943635}}}
{"text": "2021-07-23T10:47:39.902034+0300 INFO \u0411\u043e\u0442 \u0441\u043e\u0437\u0434\u0430\u043d\n", "record": {"elapsed": {"repr": "0:00:00.028140", "seconds": 0.02814}, "exception": null, "extra": {}, "file": {"name": "main.py", "path": "main.py"}, "function": "<module>", "level": {"icon": "\u2139\ufe0f", "name": "INFO", "no": 20}, "line": 32, "message": "\u0411\u043e\u0442 \u0441\u043e\u0437\u0434\u0430\u043d", "module": "main", "name": "__main__", "process": {"id": 74817, "name": "MainProcess"}, "thread": {"id": 4609977856, "name": "MainThread"}, "time": {"repr": "2021-07-23 10:47:39.902034+03:00", "timestamp": 1627026459.902034}}}
{"text": "2021-07-23T10:47:39.903025+0300 INFO \u0414\u0438\u0441\u043f\u0435\u0442\u0447\u0435\u0440 \u0441\u043e\u0437\u0434\u0430\u043d\n", "record": {"elapsed": {"repr": "0:00:00.029131", "seconds": 0.029131}, "exception": null, "extra": {}, "file": {"name": "main.py", "path": "main.py"}, "function": "<module>", "level": {"icon": "\u2139\ufe0f", "name": "INFO", "no": 20}, "line": 38, "message": "\u0414\u0438\u0441\u043f\u0435\u0442\u0447\u0435\u0440 \u0441\u043e\u0437\u0434\u0430\u043d", "module": "main", "name": "__main__", "process": {"id": 74817, "name": "MainProcess"}, "thread": {"id": 4609977856, "name": "MainThread"}, "time": {"repr": "2021-07-23 10:47:39.903025+03:00", "timestamp": 1627026459.903025}}}
{"text": "2021-07-23T10:48:56.687443+0300 INFO \u0411\u043e\u0442 \u0441\u043e\u0437\u0434\u0430\u043d\n", "record": {"elapsed": {"repr": "0:00:00.015484", "seconds": 0.015484}, "exception": null, "extra": {}, "file": {"name": "main.py", "path": "main.py"}, "function": "<module>", "level": {"icon": "\u2139\ufe0f", "name": "INFO", "no": 20}, "line": 32, "message": "\u0411\u043e\u0442 \u0441\u043e\u0437\u0434\u0430\u043d", "module": "main", "name": "__main__", "process": {"id": 74842, "name": "MainProcess"}, "thread": {"id": 4614848000, "name": "MainThread"}, "time": {"repr": "2021-07-23 10:48:56.687443+03:00", "timestamp": 1627026536.687443}}}
{"text": "2021-07-23T10:48:56.687968+0300 INFO \u0414\u0438\u0441\u043f\u0435\u0442\u0447\u0435\u0440 \u0441\u043e\u0437\u0434\u0430\u043d\n", "record": {"elapsed": {"repr": "0:00:00.016009", "seconds": 0.016009}, "exception": null, "extra": {}, "file": {"name": "main.py", "path": "main.py"}, "function": "<module>", "level": {"icon": "\u2139\ufe0f", "name": "INFO", "no": 20}, "line": 38, "message": "\u0414\u0438\u0441\u043f\u0435\u0442\u0447\u0435\u0440 \u0441\u043e\u0437\u0434\u0430\u043d", "module": "main", "name": "__main__", "process": {"id": 74842, "name": "MainProcess"}, "thread": {"id": 4614848000, "name": "MainThread"}, "time": {"repr": "2021-07-23 10:48:56.687968+03:00", "timestamp": 1627026536.687968}}}
{"text": "2021-07-23T10:50:33.350966+0300 INFO \u0411\u043e\u0442 \u0441\u043e\u0437\u0434\u0430\u043d\n", "record": {"elapsed": {"repr": "0:00:00.016946", "seconds": 0.016946}, "exception": null, "extra": {}, "file": {"name": "main.py", "path": "main.py"}, "function": "<module>", "level": {"icon": "\u2139\ufe0f", "name": "INFO", "no": 20}, "line": 32, "message": "\u0411\u043e\u0442 \u0441\u043e\u0437\u0434\u0430\u043d", "module": "main", "name": "__main__", "process": {"id": 74880, "name": "MainProcess"}, "thread": {"id": 4636524032, "name": "MainThread"}, "time": {"repr": "2021-07-23 10:50:33.350966+03:00", "timestamp": 1627026633.350966}}}
{"text": "2021-07-23T10:50:33.351596+0300 INFO \u0414\u0438\u0441\u043f\u0435\u0442\u0447\u0435\u0440 \u0441\u043e\u0437\u0434\u0430\u043d\n", "record": {"elapsed": {"repr": "0:00:00.017576", "seconds": 0.017576}, "exception": null, "extra": {}, "file": {"name": "main.py", "path": "main.py"}, "function": "<module>", "level": {"icon": "\u2139\ufe0f", "name": "INFO", "no": 20}, "line": 38, "message": "\u0414\u0438\u0441\u043f\u0435\u0442\u0447\u0435\u0440 \u0441\u043e\u0437\u0434\u0430\u043d", "module": "main", "name": "__main__", "process": {"id": 74880, "name": "MainProcess"}, "thread": {"id": 4636524032, "name": "MainThread"}, "time": {"repr": "2021-07-23 10:50:33.351596+03:00", "timestamp": 1627026633.351596}}}
{"text": "2021-07-23T11:02:48.151269+0300 INFO \u0411\u043e\u0442 \u0441\u043e\u0437\u0434\u0430\u043d\n", "record": {"elapsed": {"repr": "0:00:00.031039", "seconds": 0.031039}, "exception": null, "extra": {}, "file": {"name": "main.py", "path": "main.py"}, "function": "<module>", "level": {"icon": "\u2139\ufe0f", "name": "INFO", "no": 20}, "line": 32, "message": "\u0411\u043e\u0442 \u0441\u043e\u0437\u0434\u0430\u043d", "module": "main", "name": "__main__", "process": {"id": 75096, "name": "MainProcess"}, "thread": {"id": 4729998848, "name": "MainThread"}, "time": {"repr": "2021-07-23 11:02:48.151269+03:00", "timestamp": 1627027368.151269}}}
{"text": "2021-07-23T11:02:48.151988+0300 INFO \u0414\u0438\u0441\u043f\u0435\u0442\u0447\u0435\u0440 \u0441\u043e\u0437\u0434\u0430\u043d\n", "record": {"elapsed": {"repr": "0:00:00.031758", "seconds": 0.031758}, "exception": null, "extra": {}, "file": {"name": "main.py", "path": "main.py"}, "function": "<module>", "level": {"icon": "\u2139\ufe0f", "name": "INFO", "no": 20}, "line": 38, "message": "\u0414\u0438\u0441\u043f\u0435\u0442\u0447\u0435\u0440 \u0441\u043e\u0437\u0434\u0430\u043d", "module": "main", "name": "__main__", "process": {"id": 75096, "name": "MainProcess"}, "thread": {"id": 4729998848, "name": "MainThread"}, "time": {"repr": "2021-07-23 11:02:48.151988+03:00", "timestamp": 1627027368.151988}}}
{"text": "2021-07-23T11:04:43.643978+0300 INFO \u0411\u043e\u0442 \u0441\u043e\u0437\u0434\u0430\u043d\n", "record": {"elapsed": {"repr": "0:00:00.027789", "seconds": 0.027789}, "exception": null, "extra": {}, "file": {"name": "main.py", "path": "main.py"}, "function": "<module>", "level": {"icon": "\u2139\ufe0f", "name": "INFO", "no": 20}, "line": 32, "message": "\u0411\u043e\u0442 \u0441\u043e\u0437\u0434\u0430\u043d", "module": "main", "name": "__main__", "process": {"id": 75135, "name": "MainProcess"}, "thread": {"id": 4699807232, "name": "MainThread"}, "time": {"repr": "2021-07-23 11:04:43.643978+03:00", "timestamp": 1627027483.643978}}}
{"text": "2021-07-23T11:04:43.644523+0300 INFO \u0414\u0438\u0441\u043f\u0435\u0442\u0447\u0435\u0440 \u0441\u043e\u0437\u0434\u0430\u043d\n", "record": {"elapsed": {"repr": "0:00:00.028334", "seconds": 0.028334}, "exception": null, "extra": {}, "file": {"name": "main.py", "path": "main.py"}, "function": "<module>", "level": {"icon": "\u2139\ufe0f", "name": "INFO", "no": 20}, "line": 38, "message": "\u0414\u0438\u0441\u043f\u0435\u0442\u0447\u0435\u0440 \u0441\u043e\u0437\u0434\u0430\u043d", "module": "main", "name": "__main__", "process": {"id": 75135, "name": "MainProcess"}, "thread": {"id": 4699807232, "name": "MainThread"}, "time": {"repr": "2021-07-23 11:04:43.644523+03:00", "timestamp": 1627027483.644523}}}
{"text": "2021-07-23T11:05:32.594946+0300 INFO \u0411\u043e\u0442 \u0441\u043e\u0437\u0434\u0430\u043d\n", "record": {"elapsed": {"repr": "0:00:00.016375", "seconds": 0.016375}, "exception": null, "extra": {}, "file": {"name": "main.py", "path": "main.py"}, "function": "<module>", "level": {"icon": "\u2139\ufe0f", "name": "INFO", "no": 20}, "line": 32, "message": "\u0411\u043e\u0442 \u0441\u043e\u0437\u0434\u0430\u043d", "module": "main", "name": "__main__", "process": {"id": 75157, "name": "MainProcess"}, "thread": {"id": 4601204224, "name": "MainThread"}, "time": {"repr": "2021-07-23 11:05:32.594946+03:00", "timestamp": 1627027532.594946}}}
{"text": "2021-07-23T11:05:32.595534+0300 INFO \u0414\u0438\u0441\u043f\u0435\u0442\u0447\u0435\u0440 \u0441\u043e\u0437\u0434\u0430\u043d\n", "record": {"elapsed": {"repr": "0:00:00.016963", "seconds": 0.016963}, "exception": null, "extra": {}, "file": {"name": "main.py", "path": "main.py"}, "function": "<module>", "level": {"icon": "\u2139\ufe0f", "name": "INFO", "no": 20}, "line": 38, "message": "\u0414\u0438\u0441\u043f\u0435\u0442\u0447\u0435\u0440 \u0441\u043e\u0437\u0434\u0430\u043d", "module": "main", "name": "__main__", "process": {"id": 75157, "name": "MainProcess"}, "thread": {"id": 4601204224, "name": "MainThread"}, "time": {"repr": "2021-07-23 11:05:32.595534+03:00", "timestamp": 1627027532.595534}}}
{"text": "2021-07-23T11:35:53.088636+0300 INFO \u0411\u043e\u0442 \u0441\u043e\u0437\u0434\u0430\u043d\n", "record": {"elapsed": {"repr": "0:00:00.027201", "seconds": 0.027201}, "exception": null, "extra": {}, "file": {"name": "main.py", "path": "main.py"}, "function": "<module>", "level": {"icon": "\u2139\ufe0f", "name": "INFO", "no": 20}, "line": 30, "message": "\u0411\u043e\u0442 \u0441\u043e\u0437\u0434\u0430\u043d", "module": "main", "name": "__main__", "process": {"id": 75557, "name": "MainProcess"}, "thread": {"id": 4448185856, "name": "MainThread"}, "time": {"repr": "2021-07-23 11:35:53.088636+03:00", "timestamp": 1627029353.088636}}}
{"text": "2021-07-23T11:35:53.089292+0300 INFO \u0414\u0438\u0441\u043f\u0435\u0442\u0447\u0435\u0440 \u0441\u043e\u0437\u0434\u0430\u043d\n", "record": {"elapsed": {"repr": "0:00:00.027857", "seconds": 0.027857}, "exception": null, "extra": {}, "file": {"name": "main.py", "path": "main.py"}, "function": "<module>", "level": {"icon": "\u2139\ufe0f", "name": "INFO", "no": 20}, "line": 37, "message": "\u0414\u0438\u0441\u043f\u0435\u0442\u0447\u0435\u0440 \u0441\u043e\u0437\u0434\u0430\u043d", "module": "main", "name": "__main__", "process": {"id": 75557, "name": "MainProcess"}, "thread": {"id": 4448185856, "name": "MainThread"}, "time": {"repr": "2021-07-23 11:35:53.089292+03:00", "timestamp": 1627029353.089292}}}
{"text": "2021-07-23T12:19:22.562459+0300 INFO \u0411\u043e\u0442 \u0441\u043e\u0437\u0434\u0430\u043d\n", "record": {"elapsed": {"repr": "0:00:00.023000", "seconds": 0.023}, "exception": null, "extra": {}, "file": {"name": "main.py", "path": "main.py"}, "function": "<module>", "level": {"icon": "\u2139\ufe0f", "name": "INFO", "no": 20}, "line": 30, "message": "\u0411\u043e\u0442 \u0441\u043e\u0437\u0434\u0430\u043d", "module": "main", "name": "__main__", "process": {"id": 76086, "name": "MainProcess"}, "thread": {"id": 4554776064, "name": "MainThread"}, "time": {"repr": "2021-07-23 12:19:22.562459+03:00", "timestamp": 1627031962.562459}}}
{"text": "2021-07-23T12:19:22.563484+0300 INFO \u0414\u0438\u0441\u043f\u0435\u0442\u0447\u0435\u0440 \u0441\u043e\u0437\u0434\u0430\u043d\n", "record": {"elapsed": {"repr": "0:00:00.024025", "seconds": 0.024025}, "exception": null, "extra": {}, "file": {"name": "main.py", "path": "main.py"}, "function": "<module>", "level": {"icon": "\u2139\ufe0f", "name": "INFO", "no": 20}, "line": 37, "message": "\u0414\u0438\u0441\u043f\u0435\u0442\u0447\u0435\u0440 \u0441\u043e\u0437\u0434\u0430\u043d", "module": "main", "name": "__main__", "process": {"id": 76086, "name": "MainProcess"}, "thread": {"id": 4554776064, "name": "MainThread"}, "time": {"repr": "2021-07-23 12:19:22.563484+03:00", "timestamp": 1627031962.563484}}}
{"text": "2021-07-23T12:20:49.318499+0300 INFO \u0411\u043e\u0442 \u0441\u043e\u0437\u0434\u0430\u043d\n", "record": {"elapsed": {"repr": "0:00:00.024853", "seconds": 0.024853}, "exception": null, "extra": {}, "file": {"name": "main.py", "path": "main.py"}, "function": "<module>", "level": {"icon": "\u2139\ufe0f", "name": "INFO", "no": 20}, "line": 30, "message": "\u0411\u043e\u0442 \u0441\u043e\u0437\u0434\u0430\u043d", "module": "main", "name": "__main__", "process": {"id": 76114, "name": "MainProcess"}, "thread": {"id": 4589940224, "name": "MainThread"}, "time": {"repr": "2021-07-23 12:20:49.318499+03:00", "timestamp": 1627032049.318499}}}
{"text": "2021-07-23T12:20:49.319196+0300 INFO \u0414\u0438\u0441\u043f\u0435\u0442\u0447\u0435\u0440 \u0441\u043e\u0437\u0434\u0430\u043d\n", "record": {"elapsed": {"repr": "0:00:00.025550", "seconds": 0.02555}, "exception": null, "extra": {}, "file": {"name": "main.py", "path": "main.py"}, "function": "<module>", "level": {"icon": "\u2139\ufe0f", "name": "INFO", "no": 20}, "line": 37, "message": "\u0414\u0438\u0441\u043f\u0435\u0442\u0447\u0435\u0440 \u0441\u043e\u0437\u0434\u0430\u043d", "module": "main", "name": "__main__", "process": {"id": 76114, "name": "MainProcess"}, "thread": {"id": 4589940224, "name": "MainThread"}, "time": {"repr": "2021-07-23 12:20:49.319196+03:00", "timestamp": 1627032049.319196}}}
{"text": "2021-07-23T12:21:18.450687+0300 INFO \u0411\u043e\u0442 \u0441\u043e\u0437\u0434\u0430\u043d\n", "record": {"elapsed": {"repr": "0:00:00.018815", "seconds": 0.018815}, "exception": null, "extra": {}, "file": {"name": "main.py", "path": "main.py"}, "function": "<module>", "level": {"icon": "\u2139\ufe0f", "name": "INFO", "no": 20}, "line": 30, "message": "\u0411\u043e\u0442 \u0441\u043e\u0437\u0434\u0430\u043d", "module": "main", "name": "__main__", "process": {"id": 76129, "name": "MainProcess"}, "thread": {"id": 4688739840, "name": "MainThread"}, "time": {"repr": "2021-07-23 12:21:18.450687+03:00", "timestamp": 1627032078.450687}}}
{"text": "2021-07-23T12:21:18.451292+0300 INFO \u0414\u0438\u0441\u043f\u0435\u0442\u0447\u0435\u0440 \u0441\u043e\u0437\u0434\u0430\u043d\n", "record": {"elapsed": {"repr": "0:00:00.019420", "seconds": 0.01942}, "exception": null, "extra": {}, "file": {"name": "main.py", "path": "main.py"}, "function": "<module>", "level": {"icon": "\u2139\ufe0f", "name": "INFO", "no": 20}, "line": 37, "message": "\u0414\u0438\u0441\u043f\u0435\u0442\u0447\u0435\u0440 \u0441\u043e\u0437\u0434\u0430\u043d", "module": "main", "name": "__main__", "process": {"id": 76129, "name": "MainProcess"}, "thread": {"id": 4688739840, "name": "MainThread"}, "time": {"repr": "2021-07-23 12:21:18.451292+03:00", "timestamp": 1627032078.451292}}}
{"text": "2021-07-23T12:22:19.539880+0300 INFO \u0411\u043e\u0442 \u0441\u043e\u0437\u0434\u0430\u043d\n", "record": {"elapsed": {"repr": "0:00:00.018499", "seconds": 0.018499}, "exception": null, "extra": {}, "file": {"name": "main.py", "path": "main.py"}, "function": "<module>", "level": {"icon": "\u2139\ufe0f", "name": "INFO", "no": 20}, "line": 30, "message": "\u0411\u043e\u0442 \u0441\u043e\u0437\u0434\u0430\u043d", "module": "main", "name": "__main__", "process": {"id": 76151, "name": "MainProcess"}, "thread": {"id": 4441796096, "name": "MainThread"}, "time": {"repr": "2021-07-23 12:22:19.539880+03:00", "timestamp": 1627032139.53988}}}
{"text": "2021-07-23T12:22:19.540450+0300 INFO \u0414\u0438\u0441\u043f\u0435\u0442\u0447\u0435\u0440 \u0441\u043e\u0437\u0434\u0430\u043d\n", "record": {"elapsed": {"repr": "0:00:00.019069", "seconds": 0.019069}, "exception": null, "extra": {}, "file": {"name": "main.py", "path": "main.py"}, "function": "<module>", "level": {"icon": "\u2139\ufe0f", "name": "INFO", "no": 20}, "line": 37, "message": "\u0414\u0438\u0441\u043f\u0435\u0442\u0447\u0435\u0440 \u0441\u043e\u0437\u0434\u0430\u043d", "module": "main", "name": "__main__", "process": {"id": 76151, "name": "MainProcess"}, "thread": {"id": 4441796096, "name": "MainThread"}, "time": {"repr": "2021-07-23 12:22:19.540450+03:00", "timestamp": 1627032139.54045}}}
{"text": "2021-07-23T12:28:13.531219+0300 INFO \u0411\u043e\u0442 \u0441\u043e\u0437\u0434\u0430\u043d\n", "record": {"elapsed": {"repr": "0:00:00.025991", "seconds": 0.025991}, "exception": null, "extra": {}, "file": {"name": "main.py", "path": "main.py"}, "function": "<module>", "level": {"icon": "\u2139\ufe0f", "name": "INFO", "no": 20}, "line": 30, "message": "\u0411\u043e\u0442 \u0441\u043e\u0437\u0434\u0430\u043d", "module": "main", "name": "__main__", "process": {"id": 76221, "name": "MainProcess"}, "thread": {"id": 4660383232, "name": "MainThread"}, "time": {"repr": "2021-07-23 12:28:13.531219+03:00", "timestamp": 1627032493.531219}}}
{"text": "2021-07-23T12:28:13.531839+0300 INFO \u0414\u0438\u0441\u043f\u0435\u0442\u0447\u0435\u0440 \u0441\u043e\u0437\u0434\u0430\u043d\n", "record": {"elapsed": {"repr": "0:00:00.026611", "seconds": 0.026611}, "exception": null, "extra": {}, "file": {"name": "main.py", "path": "main.py"}, "function": "<module>", "level": {"icon": "\u2139\ufe0f", "name": "INFO", "no": 20}, "line": 37, "message": "\u0414\u0438\u0441\u043f\u0435\u0442\u0447\u0435\u0440 \u0441\u043e\u0437\u0434\u0430\u043d", "module": "main", "name": "__main__", "process": {"id": 76221, "name": "MainProcess"}, "thread": {"id": 4660383232, "name": "MainThread"}, "time": {"repr": "2021-07-23 12:28:13.531839+03:00", "timestamp": 1627032493.531839}}}
{"text": "2021-07-23T12:29:12.424308+0300 INFO \u0411\u043e\u0442 \u0441\u043e\u0437\u0434\u0430\u043d\n", "record": {"elapsed": {"repr": "0:00:00.017790", "seconds": 0.01779}, "exception": null, "extra": {}, "file": {"name": "main.py", "path": "main.py"}, "function": "<module>", "level": {"icon": "\u2139\ufe0f", "name": "INFO", "no": 20}, "line": 30, "message": "\u0411\u043e\u0442 \u0441\u043e\u0437\u0434\u0430\u043d", "module": "main", "name": "__main__", "process": {"id": 76238, "name": "MainProcess"}, "thread": {"id": 4623089152, "name": "MainThread"}, "time": {"repr": "2021-07-23 12:29:12.424308+03:00", "timestamp": 1627032552.424308}}}
{"text": "2021-07-23T12:29:12.425069+0300 INFO \u0414\u0438\u0441\u043f\u0435\u0442\u0447\u0435\u0440 \u0441\u043e\u0437\u0434\u0430\u043d\n", "record": {"elapsed": {"repr": "0:00:00.018551", "seconds": 0.018551}, "exception": null, "extra": {}, "file": {"name": "main.py", "path": "main.py"}, "function": "<module>", "level": {"icon": "\u2139\ufe0f", "name": "INFO", "no": 20}, "line": 37, "message": "\u0414\u0438\u0441\u043f\u0435\u0442\u0447\u0435\u0440 \u0441\u043e\u0437\u0434\u0430\u043d", "module": "main", "name": "__main__", "process": {"id": 76238, "name": "MainProcess"}, "thread": {"id": 4623089152, "name": "MainThread"}, "time": {"repr": "2021-07-23 12:29:12.425069+03:00", "timestamp": 1627032552.425069}}}
{"text": "2021-07-23T12:29:54.247083+0300 INFO \u0411\u043e\u0442 \u0441\u043e\u0437\u0434\u0430\u043d\n", "record": {"elapsed": {"repr": "0:00:00.018359", "seconds": 0.018359}, "exception": null, "extra": {}, "file": {"name": "main.py", "path": "main.py"}, "function": "<module>", "level": {"icon": "\u2139\ufe0f", "name": "INFO", "no": 20}, "line": 30, "message": "\u0411\u043e\u0442 \u0441\u043e\u0437\u0434\u0430\u043d", "module": "main", "name": "__main__", "process": {"id": 76254, "name": "MainProcess"}, "thread": {"id": 4512984576, "name": "MainThread"}, "time": {"repr": "2021-07-23 12:29:54.247083+03:00", "timestamp": 1627032594.247083}}}
{"text": "2021-07-23T12:29:54.247660+0300 INFO \u0414\u0438\u0441\u043f\u0435\u0442\u0447\u0435\u0440 \u0441\u043e\u0437\u0434\u0430\u043d\n", "record": {"elapsed": {"repr": "0:00:00.018936", "seconds": 0.018936}, "exception": null, "extra": {}, "file": {"name": "main.py", "path": "main.py"}, "function": "<module>", "level": {"icon": "\u2139\ufe0f", "name": "INFO", "no": 20}, "line": 37, "message": "\u0414\u0438\u0441\u043f\u0435\u0442\u0447\u0435\u0440 \u0441\u043e\u0437\u0434\u0430\u043d", "module": "main", "name": "__main__", "process": {"id": 76254, "name": "MainProcess"}, "thread": {"id": 4512984576, "name": "MainThread"}, "time": {"repr": "2021-07-23 12:29:54.247660+03:00", "timestamp": 1627032594.24766}}}
{"text": "2021-07-23T12:31:27.773232+0300 INFO \u0411\u043e\u0442 \u0441\u043e\u0437\u0434\u0430\u043d\n", "record": {"elapsed": {"repr": "0:00:00.025645", "seconds": 0.025645}, "exception": null, "extra": {}, "file": {"name": "main.py", "path": "main.py"}, "function": "<module>", "level": {"icon": "\u2139\ufe0f", "name": "INFO", "no": 20}, "line": 30, "message": "\u0411\u043e\u0442 \u0441\u043e\u0437\u0434\u0430\u043d", "module": "main", "name": "__main__", "process": {"id": 76291, "name": "MainProcess"}, "thread": {"id": 4442025472, "name": "MainThread"}, "time": {"repr": "2021-07-23 12:31:27.773232+03:00", "timestamp": 1627032687.773232}}}
{"text": "2021-07-23T12:31:27.773987+0300 INFO \u0414\u0438\u0441\u043f\u0435\u0442\u0447\u0435\u0440 \u0441\u043e\u0437\u0434\u0430\u043d\n", "record": {"elapsed": {"repr": "0:00:00.026400", "seconds": 0.0264}, "exception": null, "extra": {}, "file": {"name": "main.py", "path": "main.py"}, "function": "<module>", "level": {"icon": "\u2139\ufe0f", "name": "INFO", "no": 20}, "line": 37, "message": "\u0414\u0438\u0441\u043f\u0435\u0442\u0447\u0435\u0440 \u0441\u043e\u0437\u0434\u0430\u043d", "module": "main", "name": "__main__", "process": {"id": 76291, "name": "MainProcess"}, "thread": {"id": 4442025472, "name": "MainThread"}, "time": {"repr": "2021-07-23 12:31:27.773987+03:00", "timestamp": 1627032687.773987}}}
{"text": "2021-07-23T12:45:44.364303+0300 INFO \u0411\u043e\u0442 \u0441\u043e\u0437\u0434\u0430\u043d\n", "record": {"elapsed": {"repr": "0:00:00.025883", "seconds": 0.025883}, "exception": null, "extra": {}, "file": {"name": "main.py", "path": "main.py"}, "function": "<module>", "level": {"icon": "\u2139\ufe0f", "name": "INFO", "no": 20}, "line": 30, "message": "\u0411\u043e\u0442 \u0441\u043e\u0437\u0434\u0430\u043d", "module": "main", "name": "__main__", "process": {"id": 76495, "name": "MainProcess"}, "thread": {"id": 4320366080, "name": "MainThread"}, "time": {"repr": "2021-07-23 12:45:44.364303+03:00", "timestamp": 1627033544.364303}}}
{"text": "2021-07-23T12:45:44.364880+0300 INFO \u0414\u0438\u0441\u043f\u0435\u0442\u0447\u0435\u0440 \u0441\u043e\u0437\u0434\u0430\u043d\n", "record": {"elapsed": {"repr": "0:00:00.026460", "seconds": 0.02646}, "exception": null, "extra": {}, "file": {"name": "main.py", "path": "main.py"}, "function": "<module>", "level": {"icon": "\u2139\ufe0f", "name": "INFO", "no": 20}, "line": 37, "message": "\u0414\u0438\u0441\u043f\u0435\u0442\u0447\u0435\u0440 \u0441\u043e\u0437\u0434\u0430\u043d", "module": "main", "name": "__main__", "process": {"id": 76495, "name": "MainProcess"}, "thread": {"id": 4320366080, "name": "MainThread"}, "time": {"repr": "2021-07-23 12:45:44.364880+03:00", "timestamp": 1627033544.36488}}}
{"text": "2021-07-25T22:38:32.240345+0300 INFO \u0411\u043e\u0442 \u0441\u043e\u0437\u0434\u0430\u043d\n", "record": {"elapsed": {"repr": "0:00:00.026704", "seconds": 0.026704}, "exception": null, "extra": {}, "file": {"name": "main.py", "path": "main.py"}, "function": "<module>", "level": {"icon": "\u2139\ufe0f", "name": "INFO", "no": 20}, "line": 35, "message": "\u0411\u043e\u0442 \u0441\u043e\u0437\u0434\u0430\u043d", "module": "main", "name": "__main__", "process": {"id": 80294, "name": "MainProcess"}, "thread": {"id": 4716727808, "name": "MainThread"}, "time": {"repr": "2021-07-25 22:38:32.240345+03:00", "timestamp": 1627241912.240345}}}
{"text": "2021-07-25T22:38:32.241605+0300 INFO \u0414\u0438\u0441\u043f\u0435\u0442\u0447\u0435\u0440 \u0441\u043e\u0437\u0434\u0430\u043d\n", "record": {"elapsed": {"repr": "0:00:00.027964", "seconds": 0.027964}, "exception": null, "extra": {}, "file": {"name": "main.py", "path": "main.py"}, "function": "<module>", "level": {"icon": "\u2139\ufe0f", "name": "INFO", "no": 20}, "line": 42, "message": "\u0414\u0438\u0441\u043f\u0435\u0442\u0447\u0435\u0440 \u0441\u043e\u0437\u0434\u0430\u043d", "module": "main", "name": "__main__", "process": {"id": 80294, "name": "MainProcess"}, "thread": {"id": 4716727808, "name": "MainThread"}, "time": {"repr": "2021-07-25 22:38:32.241605+03:00", "timestamp": 1627241912.241605}}}
{"text": "2021-07-25T22:38:42.079553+0300 INFO \u0411\u043e\u0442 \u0441\u043e\u0437\u0434\u0430\u043d\n", "record": {"elapsed": {"repr": "0:00:00.016405", "seconds": 0.016405}, "exception": null, "extra": {}, "file": {"name": "main.py", "path": "main.py"}, "function": "<module>", "level": {"icon": "\u2139\ufe0f", "name": "INFO", "no": 20}, "line": 35, "message": "\u0411\u043e\u0442 \u0441\u043e\u0437\u0434\u0430\u043d", "module": "main", "name": "__main__", "process": {"id": 80300, "name": "MainProcess"}, "thread": {"id": 4638408192, "name": "MainThread"}, "time": {"repr": "2021-07-25 22:38:42.079553+03:00", "timestamp": 1627241922.079553}}}
{"text": "2021-07-25T22:38:42.080103+0300 INFO \u0414\u0438\u0441\u043f\u0435\u0442\u0447\u0435\u0440 \u0441\u043e\u0437\u0434\u0430\u043d\n", "record": {"elapsed": {"repr": "0:00:00.016955", "seconds": 0.016955}, "exception": null, "extra": {}, "file": {"name": "main.py", "path": "main.py"}, "function": "<module>", "level": {"icon": "\u2139\ufe0f", "name": "INFO", "no": 20}, "line": 42, "message": "\u0414\u0438\u0441\u043f\u0435\u0442\u0447\u0435\u0440 \u0441\u043e\u0437\u0434\u0430\u043d", "module": "main", "name": "__main__", "process": {"id": 80300, "name": "MainProcess"}, "thread": {"id": 4638408192, "name": "MainThread"}, "time": {"repr": "2021-07-25 22:38:42.080103+03:00", "timestamp": 1627241922.080103}}}
{"text": "2021-07-25T22:51:23.477598+0300 INFO \u0411\u043e\u0442 \u0441\u043e\u0437\u0434\u0430\u043d\n", "record": {"elapsed": {"repr": "0:00:00.025985", "seconds": 0.025985}, "exception": null, "extra": {}, "file": {"name": "main.py", "path": "main.py"}, "function": "<module>", "level": {"icon": "\u2139\ufe0f", "name": "INFO", "no": 20}, "line": 35, "message": "\u0411\u043e\u0442 \u0441\u043e\u0437\u0434\u0430\u043d", "module": "main", "name": "__main__", "process": {"id": 80486, "name": "MainProcess"}, "thread": {"id": 4605468160, "name": "MainThread"}, "time": {"repr": "2021-07-25 22:51:23.477598+03:00", "timestamp": 1627242683.477598}}}
{"text": "2021-07-25T22:51:23.479135+0300 INFO \u0414\u0438\u0441\u043f\u0435\u0442\u0447\u0435\u0440 \u0441\u043e\u0437\u0434\u0430\u043d\n", "record": {"elapsed": {"repr": "0:00:00.027522", "seconds": 0.027522}, "exception": null, "extra": {}, "file": {"name": "main.py", "path": "main.py"}, "function": "<module>", "level": {"icon": "\u2139\ufe0f", "name": "INFO", "no": 20}, "line": 42, "message": "\u0414\u0438\u0441\u043f\u0435\u0442\u0447\u0435\u0440 \u0441\u043e\u0437\u0434\u0430\u043d", "module": "main", "name": "__main__", "process": {"id": 80486, "name": "MainProcess"}, "thread": {"id": 4605468160, "name": "MainThread"}, "time": {"repr": "2021-07-25 22:51:23.479135+03:00", "timestamp": 1627242683.479135}}}
{"text": "2021-07-25T22:52:40.117905+0300 INFO \u0411\u043e\u0442 \u0441\u043e\u0437\u0434\u0430\u043d\n", "record": {"elapsed": {"repr": "0:00:00.016293", "seconds": 0.016293}, "exception": null, "extra": {}, "file": {"name": "main.py", "path": "main.py"}, "function": "<module>", "level": {"icon": "\u2139\ufe0f", "name": "INFO", "no": 20}, "line": 35, "message": "\u0411\u043e\u0442 \u0441\u043e\u0437\u0434\u0430\u043d", "module": "main", "name": "__main__", "process": {"id": 80525, "name": "MainProcess"}, "thread": {"id": 4696215040, "name": "MainThread"}, "time": {"repr": "2021-07-25 22:52:40.117905+03:00", "timestamp": 1627242760.117905}}}
{"text": "2021-07-25T22:52:40.118553+0300 INFO \u0414\u0438\u0441\u043f\u0435\u0442\u0447\u0435\u0440 \u0441\u043e\u0437\u0434\u0430\u043d\n", "record": {"elapsed": {"repr": "0:00:00.016941", "seconds": 0.016941}, "exception": null, "extra": {}, "file": {"name": "main.py", "path": "main.py"}, "function": "<module>", "level": {"icon": "\u2139\ufe0f", "name": "INFO", "no": 20}, "line": 42, "message": "\u0414\u0438\u0441\u043f\u0435\u0442\u0447\u0435\u0440 \u0441\u043e\u0437\u0434\u0430\u043d", "module": "main", "name": "__main__", "process": {"id": 80525, "name": "MainProcess"}, "thread": {"id": 4696215040, "name": "MainThread"}, "time": {"repr": "2021-07-25 22:52:40.118553+03:00", "timestamp": 1627242760.118553}}}
{"text": "2021-07-25T23:24:09.632181+0300 INFO \u0411\u043e\u0442 \u0441\u043e\u0437\u0434\u0430\u043d\n", "record": {"elapsed": {"repr": "0:00:00.020144", "seconds": 0.020144}, "exception": null, "extra": {}, "file": {"name": "main.py", "path": "/Users/dima/Dev/compliment/main.py"}, "function": "<module>", "level": {"icon": "\u2139\ufe0f", "name": "INFO", "no": 20}, "line": 40, "message": "\u0411\u043e\u0442 \u0441\u043e\u0437\u0434\u0430\u043d", "module": "main", "name": "main", "process": {"id": 61110, "name": "MainProcess"}, "thread": {"id": 4733885952, "name": "MainThread"}, "time": {"repr": "2021-07-25 23:24:09.632181+03:00", "timestamp": 1627244649.632181}}}
{"text": "2021-07-25T23:24:09.632861+0300 INFO \u0414\u0438\u0441\u043f\u0435\u0442\u0447\u0435\u0440 \u0441\u043e\u0437\u0434\u0430\u043d\n", "record": {"elapsed": {"repr": "0:00:00.020824", "seconds": 0.020824}, "exception": null, "extra": {}, "file": {"name": "main.py", "path": "/Users/dima/Dev/compliment/main.py"}, "function": "<module>", "level": {"icon": "\u2139\ufe0f", "name": "INFO", "no": 20}, "line": 47, "message": "\u0414\u0438\u0441\u043f\u0435\u0442\u0447\u0435\u0440 \u0441\u043e\u0437\u0434\u0430\u043d", "module": "main", "name": "main", "process": {"id": 61110, "name": "MainProcess"}, "thread": {"id": 4733885952, "name": "MainThread"}, "time": {"repr": "2021-07-25 23:24:09.632861+03:00", "timestamp": 1627244649.632861}}}
{"text": "2021-07-25T23:28:17.313085+0300 INFO \u0411\u043e\u0442 \u0441\u043e\u0437\u0434\u0430\u043d\n", "record": {"elapsed": {"repr": "0:00:00.033625", "seconds": 0.033625}, "exception": null, "extra": {}, "file": {"name": "main.py", "path": "main.py"}, "function": "<module>", "level": {"icon": "\u2139\ufe0f", "name": "INFO", "no": 20}, "line": 41, "message": "\u0411\u043e\u0442 \u0441\u043e\u0437\u0434\u0430\u043d", "module": "main", "name": "__main__", "process": {"id": 81033, "name": "MainProcess"}, "thread": {"id": 4506742272, "name": "MainThread"}, "time": {"repr": "2021-07-25 23:28:17.313085+03:00", "timestamp": 1627244897.313085}}}
{"text": "2021-07-25T23:28:17.313898+0300 INFO \u0414\u0438\u0441\u043f\u0435\u0442\u0447\u0435\u0440 \u0441\u043e\u0437\u0434\u0430\u043d\n", "record": {"elapsed": {"repr": "0:00:00.034438", "seconds": 0.034438}, "exception": null, "extra": {}, "file": {"name": "main.py", "path": "main.py"}, "function": "<module>", "level": {"icon": "\u2139\ufe0f", "name": "INFO", "no": 20}, "line": 48, "message": "\u0414\u0438\u0441\u043f\u0435\u0442\u0447\u0435\u0440 \u0441\u043e\u0437\u0434\u0430\u043d", "module": "main", "name": "__main__", "process": {"id": 81033, "name": "MainProcess"}, "thread": {"id": 4506742272, "name": "MainThread"}, "time": {"repr": "2021-07-25 23:28:17.313898+03:00", "timestamp": 1627244897.313898}}}
{"text": "2021-07-25T23:31:26.978505+0300 INFO \u0411\u043e\u0442 \u0441\u043e\u0437\u0434\u0430\u043d\n", "record": {"elapsed": {"repr": "0:00:00.018262", "seconds": 0.018262}, "exception": null, "extra": {}, "file": {"name": "main.py", "path": "main.py"}, "function": "<module>", "level": {"icon": "\u2139\ufe0f", "name": "INFO", "no": 20}, "line": 41, "message": "\u0411\u043e\u0442 \u0441\u043e\u0437\u0434\u0430\u043d", "module": "main", "name": "__main__", "process": {"id": 81088, "name": "MainProcess"}, "thread": {"id": 4657151488, "name": "MainThread"}, "time": {"repr": "2021-07-25 23:31:26.978505+03:00", "timestamp": 1627245086.978505}}}
{"text": "2021-07-25T23:31:26.979265+0300 INFO \u0414\u0438\u0441\u043f\u0435\u0442\u0447\u0435\u0440 \u0441\u043e\u0437\u0434\u0430\u043d\n", "record": {"elapsed": {"repr": "0:00:00.019022", "seconds": 0.019022}, "exception": null, "extra": {}, "file": {"name": "main.py", "path": "main.py"}, "function": "<module>", "level": {"icon": "\u2139\ufe0f", "name": "INFO", "no": 20}, "line": 48, "message": "\u0414\u0438\u0441\u043f\u0435\u0442\u0447\u0435\u0440 \u0441\u043e\u0437\u0434\u0430\u043d", "module": "main", "name": "__main__", "process": {"id": 81088, "name": "MainProcess"}, "thread": {"id": 4657151488, "name": "MainThread"}, "time": {"repr": "2021-07-25 23:31:26.979265+03:00", "timestamp": 1627245086.979265}}}
{"text": "2021-07-26T11:18:37.930839+0300 INFO \u0411\u043e\u0442 \u0441\u043e\u0437\u0434\u0430\u043d\n", "record": {"elapsed": {"repr": "0:00:00.038232", "seconds": 0.038232}, "exception": null, "extra": {}, "file": {"name": "main.py", "path": "main.py"}, "function": "<module>", "level": {"icon": "\u2139\ufe0f", "name": "INFO", "no": 20}, "line": 41, "message": "\u0411\u043e\u0442 \u0441\u043e\u0437\u0434\u0430\u043d", "module": "main", "name": "__main__", "process": {"id": 81802, "name": "MainProcess"}, "thread": {"id": 4630846976, "name": "MainThread"}, "time": {"repr": "2021-07-26 11:18:37.930839+03:00", "timestamp": 1627287517.930839}}}
{"text": "2021-07-26T11:18:37.931538+0300 INFO \u0414\u0438\u0441\u043f\u0435\u0442\u0447\u0435\u0440 \u0441\u043e\u0437\u0434\u0430\u043d\n", "record": {"elapsed": {"repr": "0:00:00.038931", "seconds": 0.038931}, "exception": null, "extra": {}, "file": {"name": "main.py", "path": "main.py"}, "function": "<module>", "level": {"icon": "\u2139\ufe0f", "name": "INFO", "no": 20}, "line": 48, "message": "\u0414\u0438\u0441\u043f\u0435\u0442\u0447\u0435\u0440 \u0441\u043e\u0437\u0434\u0430\u043d", "module": "main", "name": "__main__", "process": {"id": 81802, "name": "MainProcess"}, "thread": {"id": 4630846976, "name": "MainThread"}, "time": {"repr": "2021-07-26 11:18:37.931538+03:00", "timestamp": 1627287517.931538}}}
{"text": "2021-07-26T11:19:01.090340+0300 INFO \u0411\u043e\u0442 \u0441\u043e\u0437\u0434\u0430\u043d\n", "record": {"elapsed": {"repr": "0:00:00.017049", "seconds": 0.017049}, "exception": null, "extra": {}, "file": {"name": "main.py", "path": "main.py"}, "function": "<module>", "level": {"icon": "\u2139\ufe0f", "name": "INFO", "no": 20}, "line": 41, "message": "\u0411\u043e\u0442 \u0441\u043e\u0437\u0434\u0430\u043d", "module": "main", "name": "__main__", "process": {"id": 81813, "name": "MainProcess"}, "thread": {"id": 4648476160, "name": "MainThread"}, "time": {"repr": "2021-07-26 11:19:01.090340+03:00", "timestamp": 1627287541.09034}}}
{"text": "2021-07-26T11:19:01.090976+0300 INFO \u0414\u0438\u0441\u043f\u0435\u0442\u0447\u0435\u0440 \u0441\u043e\u0437\u0434\u0430\u043d\n", "record": {"elapsed": {"repr": "0:00:00.017685", "seconds": 0.017685}, "exception": null, "extra": {}, "file": {"name": "main.py", "path": "main.py"}, "function": "<module>", "level": {"icon": "\u2139\ufe0f", "name": "INFO", "no": 20}, "line": 48, "message": "\u0414\u0438\u0441\u043f\u0435\u0442\u0447\u0435\u0440 \u0441\u043e\u0437\u0434\u0430\u043d", "module": "main", "name": "__main__", "process": {"id": 81813, "name": "MainProcess"}, "thread": {"id": 4648476160, "name": "MainThread"}, "time": {"repr": "2021-07-26 11:19:01.090976+03:00", "timestamp": 1627287541.090976}}}
{"text": "2021-07-26T12:54:58.767523+0300 INFO \u0411\u043e\u0442 \u0441\u043e\u0437\u0434\u0430\u043d\n", "record": {"elapsed": {"repr": "0:00:00.036308", "seconds": 0.036308}, "exception": null, "extra": {}, "file": {"name": "main.py", "path": "main.py"}, "function": "<module>", "level": {"icon": "\u2139\ufe0f", "name": "INFO", "no": 20}, "line": 41, "message": "\u0411\u043e\u0442 \u0441\u043e\u0437\u0434\u0430\u043d", "module": "main", "name": "__main__", "process": {"id": 82957, "name": "MainProcess"}, "thread": {"id": 4746309120, "name": "MainThread"}, "time": {"repr": "2021-07-26 12:54:58.767523+03:00", "timestamp": 1627293298.767523}}}
{"text": "2021-07-26T12:54:58.768207+0300 INFO \u0414\u0438\u0441\u043f\u0435\u0442\u0447\u0435\u0440 \u0441\u043e\u0437\u0434\u0430\u043d\n", "record": {"elapsed": {"repr": "0:00:00.036992", "seconds": 0.036992}, "exception": null, "extra": {}, "file": {"name": "main.py", "path": "main.py"}, "function": "<module>", "level": {"icon": "\u2139\ufe0f", "name": "INFO", "no": 20}, "line": 48, "message": "\u0414\u0438\u0441\u043f\u0435\u0442\u0447\u0435\u0440 \u0441\u043e\u0437\u0434\u0430\u043d", "module": "main", "name": "__main__", "process": {"id": 82957, "name": "MainProcess"}, "thread": {"id": 4746309120, "name": "MainThread"}, "time": {"repr": "2021-07-26 12:54:58.768207+03:00", "timestamp": 1627293298.768207}}}
{"text": "2021-07-26T13:02:12.734346+0300 INFO \u0411\u043e\u0442 \u0441\u043e\u0437\u0434\u0430\u043d\n", "record": {"elapsed": {"repr": "0:00:00.019215", "seconds": 0.019215}, "exception": null, "extra": {}, "file": {"name": "main.py", "path": "main.py"}, "function": "<module>", "level": {"icon": "\u2139\ufe0f", "name": "INFO", "no": 20}, "line": 43, "message": "\u0411\u043e\u0442 \u0441\u043e\u0437\u0434\u0430\u043d", "module": "main", "name": "__main__", "process": {"id": 83085, "name": "MainProcess"}, "thread": {"id": 4438101504, "name": "MainThread"}, "time": {"repr": "2021-07-26 13:02:12.734346+03:00", "timestamp": 1627293732.734346}}}
{"text": "2021-07-26T13:02:12.734953+0300 INFO \u0414\u0438\u0441\u043f\u0435\u0442\u0447\u0435\u0440 \u0441\u043e\u0437\u0434\u0430\u043d\n", "record": {"elapsed": {"repr": "0:00:00.019822", "seconds": 0.019822}, "exception": null, "extra": {}, "file": {"name": "main.py", "path": "main.py"}, "function": "<module>", "level": {"icon": "\u2139\ufe0f", "name": "INFO", "no": 20}, "line": 50, "message": "\u0414\u0438\u0441\u043f\u0435\u0442\u0447\u0435\u0440 \u0441\u043e\u0437\u0434\u0430\u043d", "module": "main", "name": "__main__", "process": {"id": 83085, "name": "MainProcess"}, "thread": {"id": 4438101504, "name": "MainThread"}, "time": {"repr": "2021-07-26 13:02:12.734953+03:00", "timestamp": 1627293732.734953}}}
